tier,defense,scheme,q_attack_frac,tpr_mean,tpr_ci95,inversion_rate,edge_evasion_rate,op_count,cost_vs_T1,complexity,measured_threshold_z,forge,w_m,m
V0,D1_RF,T1_mean,0.1,0.409667,0.050847,0.04,0.01,7,1.0,O(k),2.1638,0.0,,
V0,D1_RF,T2_SL,0.1,0.409667,0.050847,0.04,0.01,20,2.86,O(k),2.1638,0.0,,
V0,D1_RF,T3_Beta,0.1,0.409667,0.050847,0.04,0.01,20,2.86,O(k),2.1638,0.0,,
V0,D1_RF,T5_TFLDT,0.1,0.403,0.048404,0.04,0.01,20,2.86,O(k + deg),2.1638,0.0,,
V0,D1_RF,T_max,0.1,0.531333,0.04462,0.02,0.01,6,0.86,O(k),2.1638,0.0,,
V0,D1_RF,T_median,0.1,0.071667,0.02468,0.57,0.01,16,2.29,O(k log k),2.1638,0.0,,
V0,D1_RF,T4_EigenTrust,0.1,0.085,0.02727,0.3,0.01,11400,1628.57,O(iters * E),2.1638,0.0,,
V0,D1_RF,T_meanvar_z,0.1,0.533,0.044934,0.02,0.01,18,2.57,O(k),2.1638,0.0,,
V0T,D1_RF,T1_mean,0.1,0.409667,0.050847,0.04,0.01,7,1.0,O(k),2.1638,0.0,,
V0T,D1_RF,T2_SL,0.1,0.409667,0.050847,0.04,0.01,20,2.86,O(k),2.1638,0.0,,
V0T,D1_RF,T3_Beta,0.1,0.409667,0.050847,0.04,0.01,20,2.86,O(k),2.1638,0.0,,
V0T,D1_RF,T5_TFLDT,0.1,0.403,0.048404,0.04,0.01,20,2.86,O(k + deg),2.1638,0.0,,
V0T,D1_RF,T_max,0.1,0.531333,0.04462,0.02,0.01,6,0.86,O(k),2.1638,0.0,,
V0T,D1_RF,T_median,0.1,0.071667,0.02468,0.57,0.01,16,2.29,O(k log k),2.1638,0.0,,
V0T,D1_RF,T4_EigenTrust,0.1,0.085,0.02727,0.3,0.01,11400,1628.57,O(iters * E),2.1638,0.0,,
V0T,D1_RF,T_meanvar_z,0.1,0.533,0.044934,0.02,0.01,18,2.57,O(k),2.1638,0.0,,
V1,D1_RF,T1_mean,0.1,0.848333,0.039696,0.0,0.03,7,1.0,O(k),2.1638,,0.9,0.1898
V1,D1_RF,T2_SL,0.1,0.848333,0.039696,0.0,0.03,20,2.86,O(k),2.1638,,0.9,0.1898
V1,D1_RF,T3_Beta,0.1,0.848333,0.039696,0.0,0.03,20,2.86,O(k),2.1638,,0.9,0.1898
V1,D1_RF,T5_TFLDT,0.1,0.838,0.038702,0.0,0.03,20,2.86,O(k + deg),2.1638,,0.9,0.1898
V1,D1_RF,T_max,0.1,0.686333,0.043833,0.0,0.03,6,0.86,O(k),2.1638,,0.9,0.1898
V1,D1_RF,T_median,0.1,0.771667,0.043221,0.0,0.03,16,2.29,O(k log k),2.1638,,0.9,0.1898
V1,D1_RF,T4_EigenTrust,0.1,0.148333,0.03769,0.15,0.03,11400,1628.57,O(iters * E),2.1638,,0.9,0.1898
V1,D1_RF,T_meanvar_z,0.1,0.851667,0.031795,0.0,0.03,18,2.57,O(k),2.1638,,0.9,0.1898
V1T,D1_RF,T1_mean,0.1,0.474667,0.046654,0.02,0.07,7,1.0,O(k),2.1638,,0.8999,0.0527
V1T,D1_RF,T2_SL,0.1,0.474667,0.046654,0.02,0.07,20,2.86,O(k),2.1638,,0.8999,0.0527
V1T,D1_RF,T3_Beta,0.1,0.474667,0.046654,0.02,0.07,20,2.86,O(k),2.1638,,0.8999,0.0527
V1T,D1_RF,T5_TFLDT,0.1,0.474333,0.046429,0.02,0.07,20,2.86,O(k + deg),2.1638,,0.8999,0.0527
V1T,D1_RF,T_max,0.1,0.476,0.040648,0.02,0.07,6,0.86,O(k),2.1638,,0.8999,0.0527
V1T,D1_RF,T_median,0.1,0.230333,0.04495,0.1,0.07,16,2.29,O(k log k),2.1638,,0.8999,0.0527
V1T,D1_RF,T4_EigenTrust,0.1,0.118333,0.034212,0.29,0.07,11400,1628.57,O(iters * E),2.1638,,0.8999,0.0527
V1T,D1_RF,T_meanvar_z,0.1,0.491,0.0455,0.01,0.07,18,2.57,O(k),2.1638,,0.8999,0.0527
V0,D1_RF,T1_mean,0.2,0.891667,0.032625,0.0,0.0,7,1.0,O(k),2.1638,0.0,,
V0,D1_RF,T2_SL,0.2,0.891667,0.032625,0.0,0.0,20,2.86,O(k),2.1638,0.0,,
V0,D1_RF,T3_Beta,0.2,0.891667,0.032625,0.0,0.0,20,2.86,O(k),2.1638,0.0,,
V0,D1_RF,T5_TFLDT,0.2,0.89,0.034502,0.0,0.0,20,2.86,O(k + deg),2.1638,0.0,,
V0,D1_RF,T_max,0.2,0.96,0.015483,0.0,0.0,6,0.86,O(k),2.1638,0.0,,
V0,D1_RF,T_median,0.2,0.16,0.03741,0.32,0.0,16,2.29,O(k log k),2.1638,0.0,,
V0,D1_RF,T4_EigenTrust,0.2,0.156667,0.039073,0.2,0.0,11400,1628.57,O(iters * E),2.1638,0.0,,
V0,D1_RF,T_meanvar_z,0.2,0.958333,0.01566,0.0,0.0,18,2.57,O(k),2.1638,0.0,,
V0T,D1_RF,T1_mean,0.2,0.891667,0.032625,0.0,0.0,7,1.0,O(k),2.1638,0.0,,
V0T,D1_RF,T2_SL,0.2,0.891667,0.032625,0.0,0.0,20,2.86,O(k),2.1638,0.0,,
V0T,D1_RF,T3_Beta,0.2,0.891667,0.032625,0.0,0.0,20,2.86,O(k),2.1638,0.0,,
V0T,D1_RF,T5_TFLDT,0.2,0.89,0.034502,0.0,0.0,20,2.86,O(k + deg),2.1638,0.0,,
V0T,D1_RF,T_max,0.2,0.96,0.015483,0.0,0.0,6,0.86,O(k),2.1638,0.0,,
V0T,D1_RF,T_median,0.2,0.16,0.03741,0.32,0.0,16,2.29,O(k log k),2.1638,0.0,,
V0T,D1_RF,T4_EigenTrust,0.2,0.156667,0.039073,0.2,0.0,11400,1628.57,O(iters * E),2.1638,0.0,,
V0T,D1_RF,T_meanvar_z,0.2,0.958333,0.01566,0.0,0.0,18,2.57,O(k),2.1638,0.0,,
V1,D1_RF,T1_mean,0.2,0.961667,0.020161,0.0,0.0,7,1.0,O(k),2.1638,,0.8,0.2518
V1,D1_RF,T2_SL,0.2,0.961667,0.020161,0.0,0.0,20,2.86,O(k),2.1638,,0.8,0.2518
V1,D1_RF,T3_Beta,0.2,0.961667,0.020161,0.0,0.0,20,2.86,O(k),2.1638,,0.8,0.2518
V1,D1_RF,T5_TFLDT,0.2,0.943333,0.021388,0.0,0.0,20,2.86,O(k + deg),2.1638,,0.8,0.2518
V1,D1_RF,T_max,0.2,0.873333,0.031188,0.0,0.0,6,0.86,O(k),2.1638,,0.8,0.2518
V1,D1_RF,T_median,0.2,0.926667,0.026396,0.0,0.0,16,2.29,O(k log k),2.1638,,0.8,0.2518
V1,D1_RF,T4_EigenTrust,0.2,0.211667,0.047995,0.03,0.0,11400,1628.57,O(iters * E),2.1638,,0.8,0.2518
V1,D1_RF,T_meanvar_z,0.2,0.953333,0.019189,0.0,0.0,18,2.57,O(k),2.1638,,0.8,0.2518
V1T,D1_RF,T1_mean,0.2,0.996667,0.004596,0.0,0.0,7,1.0,O(k),2.1638,,0.8,0.417
V1T,D1_RF,T2_SL,0.2,0.996667,0.004596,0.0,0.0,20,2.86,O(k),2.1638,,0.8,0.417
V1T,D1_RF,T3_Beta,0.2,0.996667,0.004596,0.0,0.0,20,2.86,O(k),2.1638,,0.8,0.417
V1T,D1_RF,T5_TFLDT,0.2,0.993333,0.007934,0.0,0.0,20,2.86,O(k + deg),2.1638,,0.8,0.417
V1T,D1_RF,T_max,0.2,0.978333,0.011978,0.0,0.0,6,0.86,O(k),2.1638,,0.8,0.417
V1T,D1_RF,T_median,0.2,0.995,0.007275,0.0,0.0,16,2.29,O(k log k),2.1638,,0.8,0.417
V1T,D1_RF,T4_EigenTrust,0.2,0.313333,0.057107,0.01,0.0,11400,1628.57,O(iters * E),2.1638,,0.8,0.417
V1T,D1_RF,T_meanvar_z,0.2,0.995,0.005601,0.0,0.0,18,2.57,O(k),2.1638,,0.8,0.417
V0,D1_RF,T1_mean,0.3,0.991667,0.007155,0.0,0.0,7,1.0,O(k),2.1638,0.0,,
V0,D1_RF,T2_SL,0.3,0.991667,0.007155,0.0,0.0,20,2.86,O(k),2.1638,0.0,,
V0,D1_RF,T3_Beta,0.3,0.991667,0.007155,0.0,0.0,20,2.86,O(k),2.1638,0.0,,
V0,D1_RF,T5_TFLDT,0.3,0.983333,0.01828,0.0,0.0,20,2.86,O(k + deg),2.1638,0.0,,
V0,D1_RF,T_max,0.3,0.991667,0.007155,0.0,0.0,6,0.86,O(k),2.1638,0.0,,
V0,D1_RF,T_median,0.3,0.265,0.042831,0.07,0.0,16,2.29,O(k log k),2.1638,0.0,,
V0,D1_RF,T4_EigenTrust,0.3,0.198333,0.04348,0.06,0.0,11400,1628.57,O(iters * E),2.1638,0.0,,
V0,D1_RF,T_meanvar_z,0.3,0.991667,0.007155,0.0,0.0,18,2.57,O(k),2.1638,0.0,,
V0T,D1_RF,T1_mean,0.3,0.991667,0.007155,0.0,0.0,7,1.0,O(k),2.1638,0.0,,
V0T,D1_RF,T2_SL,0.3,0.991667,0.007155,0.0,0.0,20,2.86,O(k),2.1638,0.0,,
V0T,D1_RF,T3_Beta,0.3,0.991667,0.007155,0.0,0.0,20,2.86,O(k),2.1638,0.0,,
V0T,D1_RF,T5_TFLDT,0.3,0.983333,0.01828,0.0,0.0,20,2.86,O(k + deg),2.1638,0.0,,
V0T,D1_RF,T_max,0.3,0.991667,0.007155,0.0,0.0,6,0.86,O(k),2.1638,0.0,,
V0T,D1_RF,T_median,0.3,0.265,0.042831,0.07,0.0,16,2.29,O(k log k),2.1638,0.0,,
V0T,D1_RF,T4_EigenTrust,0.3,0.198333,0.04348,0.06,0.0,11400,1628.57,O(iters * E),2.1638,0.0,,
V0T,D1_RF,T_meanvar_z,0.3,0.991667,0.007155,0.0,0.0,18,2.57,O(k),2.1638,0.0,,
V1,D1_RF,T1_mean,0.3,0.98,0.01336,0.0,0.0,7,1.0,O(k),2.1638,,0.7,0.2741
V1,D1_RF,T2_SL,0.3,0.98,0.01336,0.0,0.0,20,2.86,O(k),2.1638,,0.7,0.2741
V1,D1_RF,T3_Beta,0.3,0.98,0.01336,0.0,0.0,20,2.86,O(k),2.1638,,0.7,0.2741
V1,D1_RF,T5_TFLDT,0.3,0.965,0.01628,0.0,0.0,20,2.86,O(k + deg),2.1638,,0.7,0.2741
V1,D1_RF,T_max,0.3,0.933333,0.022267,0.0,0.0,6,0.86,O(k),2.1638,,0.7,0.2741
V1,D1_RF,T_median,0.3,0.955,0.023148,0.0,0.0,16,2.29,O(k log k),2.1638,,0.7,0.2741
V1,D1_RF,T4_EigenTrust,0.3,0.286667,0.054163,0.01,0.0,11400,1628.57,O(iters * E),2.1638,,0.7,0.2741
V1,D1_RF,T_meanvar_z,0.3,0.976667,0.013149,0.0,0.0,18,2.57,O(k),2.1638,,0.7,0.2741
V1T,D1_RF,T1_mean,0.3,1.0,0.0,0.0,0.0,7,1.0,O(k),2.1638,,0.7,0.6106
V1T,D1_RF,T2_SL,0.3,1.0,0.0,0.0,0.0,20,2.86,O(k),2.1638,,0.7,0.6106
V1T,D1_RF,T3_Beta,0.3,1.0,0.0,0.0,0.0,20,2.86,O(k),2.1638,,0.7,0.6106
V1T,D1_RF,T5_TFLDT,0.3,1.0,0.0,0.0,0.0,20,2.86,O(k + deg),2.1638,,0.7,0.6106
V1T,D1_RF,T_max,0.3,0.996667,0.004596,0.0,0.0,6,0.86,O(k),2.1638,,0.7,0.6106
V1T,D1_RF,T_median,0.3,1.0,0.0,0.0,0.0,16,2.29,O(k log k),2.1638,,0.7,0.6106
V1T,D1_RF,T4_EigenTrust,0.3,0.531667,0.06224,0.0,0.0,11400,1628.57,O(iters * E),2.1638,,0.7,0.6106
V1T,D1_RF,T_meanvar_z,0.3,0.998333,0.003267,0.0,0.0,18,2.57,O(k),2.1638,,0.7,0.6106
V0,D1_RF,T1_mean,0.4,0.993333,0.006434,0.0,0.0,7,1.0,O(k),2.1638,0.0,,
V0,D1_RF,T2_SL,0.4,0.993333,0.006434,0.0,0.0,20,2.86,O(k),2.1638,0.0,,
V0,D1_RF,T3_Beta,0.4,0.993333,0.006434,0.0,0.0,20,2.86,O(k),2.1638,0.0,,
V0,D1_RF,T5_TFLDT,0.4,0.986667,0.012,0.0,0.0,20,2.86,O(k + deg),2.1638,0.0,,
V0,D1_RF,T_max,0.4,0.991667,0.007155,0.0,0.0,6,0.86,O(k),2.1638,0.0,,
V0,D1_RF,T_median,0.4,0.494,0.052451,0.01,0.0,16,2.29,O(k log k),2.1638,0.0,,
V0,D1_RF,T4_EigenTrust,0.4,0.255,0.050105,0.02,0.0,11400,1628.57,O(iters * E),2.1638,0.0,,
V0,D1_RF,T_meanvar_z,0.4,0.991667,0.007155,0.0,0.0,18,2.57,O(k),2.1638,0.0,,
V0T,D1_RF,T1_mean,0.4,0.993333,0.006434,0.0,0.0,7,1.0,O(k),2.1638,0.0,,
V0T,D1_RF,T2_SL,0.4,0.993333,0.006434,0.0,0.0,20,2.86,O(k),2.1638,0.0,,
V0T,D1_RF,T3_Beta,0.4,0.993333,0.006434,0.0,0.0,20,2.86,O(k),2.1638,0.0,,
V0T,D1_RF,T5_TFLDT,0.4,0.986667,0.012,0.0,0.0,20,2.86,O(k + deg),2.1638,0.0,,
V0T,D1_RF,T_max,0.4,0.991667,0.007155,0.0,0.0,6,0.86,O(k),2.1638,0.0,,
V0T,D1_RF,T_median,0.4,0.494,0.052451,0.01,0.0,16,2.29,O(k log k),2.1638,0.0,,
V0T,D1_RF,T4_EigenTrust,0.4,0.255,0.050105,0.02,0.0,11400,1628.57,O(iters * E),2.1638,0.0,,
V0T,D1_RF,T_meanvar_z,0.4,0.991667,0.007155,0.0,0.0,18,2.57,O(k),2.1638,0.0,,
V1,D1_RF,T1_mean,0.4,0.985,0.01048,0.0,0.0,7,1.0,O(k),2.1638,,0.6,0.2718
V1,D1_RF,T2_SL,0.4,0.985,0.01048,0.0,0.0,20,2.86,O(k),2.1638,,0.6,0.2718
V1,D1_RF,T3_Beta,0.4,0.985,0.01048,0.0,0.0,20,2.86,O(k),2.1638,,0.6,0.2718
V1,D1_RF,T5_TFLDT,0.4,0.981667,0.013046,0.0,0.0,20,2.86,O(k + deg),2.1638,,0.6,0.2718
V1,D1_RF,T_max,0.4,0.961667,0.017282,0.0,0.0,6,0.86,O(k),2.1638,,0.6,0.2718
V1,D1_RF,T_median,0.4,0.968333,0.018394,0.0,0.0,16,2.29,O(k log k),2.1638,,0.6,0.2718
V1,D1_RF,T4_EigenTrust,0.4,0.368333,0.057487,0.0,0.0,11400,1628.57,O(iters * E),2.1638,,0.6,0.2718
V1,D1_RF,T_meanvar_z,0.4,0.985,0.01048,0.0,0.0,18,2.57,O(k),2.1638,,0.6,0.2718
V1T,D1_RF,T1_mean,0.4,1.0,0.0,0.0,0.0,7,1.0,O(k),2.1638,,0.6,0.6439
V1T,D1_RF,T2_SL,0.4,1.0,0.0,0.0,0.0,20,2.86,O(k),2.1638,,0.6,0.6439
V1T,D1_RF,T3_Beta,0.4,1.0,0.0,0.0,0.0,20,2.86,O(k),2.1638,,0.6,0.6439
V1T,D1_RF,T5_TFLDT,0.4,1.0,0.0,0.0,0.0,20,2.86,O(k + deg),2.1638,,0.6,0.6439
V1T,D1_RF,T_max,0.4,0.998333,0.003267,0.0,0.0,6,0.86,O(k),2.1638,,0.6,0.6439
V1T,D1_RF,T_median,0.4,1.0,0.0,0.0,0.0,16,2.29,O(k log k),2.1638,,0.6,0.6439
V1T,D1_RF,T4_EigenTrust,0.4,0.626667,0.061267,0.0,0.0,11400,1628.57,O(iters * E),2.1638,,0.6,0.6439
V1T,D1_RF,T_meanvar_z,0.4,0.998333,0.003267,0.0,0.0,18,2.57,O(k),2.1638,,0.6,0.6439
V0,D1_RF,T1_mean,0.5,0.993333,0.006434,0.0,0.0,7,1.0,O(k),2.1638,0.0,,
V0,D1_RF,T2_SL,0.5,0.993333,0.006434,0.0,0.0,20,2.86,O(k),2.1638,0.0,,
V0,D1_RF,T3_Beta,0.5,0.993333,0.006434,0.0,0.0,20,2.86,O(k),2.1638,0.0,,
V0,D1_RF,T5_TFLDT,0.5,0.993333,0.006434,0.0,0.0,20,2.86,O(k + deg),2.1638,0.0,,
V0,D1_RF,T_max,0.5,0.991667,0.007155,0.0,0.0,6,0.86,O(k),2.1638,0.0,,
V0,D1_RF,T_median,0.5,0.863333,0.029504,0.0,0.0,16,2.29,O(k log k),2.1638,0.0,,
V0,D1_RF,T4_EigenTrust,0.5,0.341667,0.056174,0.0,0.0,11400,1628.57,O(iters * E),2.1638,0.0,,
V0,D1_RF,T_meanvar_z,0.5,0.991667,0.007155,0.0,0.0,18,2.57,O(k),2.1638,0.0,,
V0T,D1_RF,T1_mean,0.5,0.993333,0.006434,0.0,0.0,7,1.0,O(k),2.1638,0.0,,
V0T,D1_RF,T2_SL,0.5,0.993333,0.006434,0.0,0.0,20,2.86,O(k),2.1638,0.0,,
V0T,D1_RF,T3_Beta,0.5,0.993333,0.006434,0.0,0.0,20,2.86,O(k),2.1638,0.0,,
V0T,D1_RF,T5_TFLDT,0.5,0.993333,0.006434,0.0,0.0,20,2.86,O(k + deg),2.1638,0.0,,
V0T,D1_RF,T_max,0.5,0.991667,0.007155,0.0,0.0,6,0.86,O(k),2.1638,0.0,,
V0T,D1_RF,T_median,0.5,0.863333,0.029504,0.0,0.0,16,2.29,O(k log k),2.1638,0.0,,
V0T,D1_RF,T4_EigenTrust,0.5,0.341667,0.056174,0.0,0.0,11400,1628.57,O(iters * E),2.1638,0.0,,
V0T,D1_RF,T_meanvar_z,0.5,0.991667,0.007155,0.0,0.0,18,2.57,O(k),2.1638,0.0,,
V1,D1_RF,T1_mean,0.5,0.99,0.007797,0.0,0.0,7,1.0,O(k),2.1638,,0.5,0.2479
V1,D1_RF,T2_SL,0.5,0.99,0.007797,0.0,0.0,20,2.86,O(k),2.1638,,0.5,0.2479
V1,D1_RF,T3_Beta,0.5,0.99,0.007797,0.0,0.0,20,2.86,O(k),2.1638,,0.5,0.2479
V1,D1_RF,T5_TFLDT,0.5,0.981667,0.012192,0.0,0.0,20,2.86,O(k + deg),2.1638,,0.5,0.2479
V1,D1_RF,T_max,0.5,0.978333,0.012846,0.0,0.0,6,0.86,O(k),2.1638,,0.5,0.2479
V1,D1_RF,T_median,0.5,0.976667,0.014697,0.0,0.0,16,2.29,O(k log k),2.1638,,0.5,0.2479
V1,D1_RF,T4_EigenTrust,0.5,0.435,0.056656,0.0,0.0,11400,1628.57,O(iters * E),2.1638,,0.5,0.2479
V1,D1_RF,T_meanvar_z,0.5,0.983333,0.010889,0.0,0.0,18,2.57,O(k),2.1638,,0.5,0.2479
V1T,D1_RF,T1_mean,0.5,1.0,0.0,0.0,0.0,7,1.0,O(k),2.1638,,0.5,0.651
V1T,D1_RF,T2_SL,0.5,1.0,0.0,0.0,0.0,20,2.86,O(k),2.1638,,0.5,0.651
V1T,D1_RF,T3_Beta,0.5,1.0,0.0,0.0,0.0,20,2.86,O(k),2.1638,,0.5,0.651
V1T,D1_RF,T5_TFLDT,0.5,1.0,0.0,0.0,0.0,20,2.86,O(k + deg),2.1638,,0.5,0.651
V1T,D1_RF,T_max,0.5,0.998333,0.003267,0.0,0.0,6,0.86,O(k),2.1638,,0.5,0.651
V1T,D1_RF,T_median,0.5,1.0,0.0,0.0,0.0,16,2.29,O(k log k),2.1638,,0.5,0.651
V1T,D1_RF,T4_EigenTrust,0.5,0.673333,0.058347,0.0,0.0,11400,1628.57,O(iters * E),2.1638,,0.5,0.651
V1T,D1_RF,T_meanvar_z,0.5,1.0,0.0,0.0,0.0,18,2.57,O(k),2.1638,,0.5,0.651
V0,D1_RF,T1_mean,0.6,1.0,0.0,0.0,0.0,7,1.0,O(k),2.1638,0.0,,
V0,D1_RF,T2_SL,0.6,1.0,0.0,0.0,0.0,20,2.86,O(k),2.1638,0.0,,
V0,D1_RF,T3_Beta,0.6,1.0,0.0,0.0,0.0,20,2.86,O(k),2.1638,0.0,,
V0,D1_RF,T5_TFLDT,0.6,1.0,0.0,0.0,0.0,20,2.86,O(k + deg),2.1638,0.0,,
V0,D1_RF,T_max,0.6,1.0,0.0,0.0,0.0,6,0.86,O(k),2.1638,0.0,,
V0,D1_RF,T_median,0.6,1.0,0.0,0.0,0.0,16,2.29,O(k log k),2.1638,0.0,,
V0,D1_RF,T4_EigenTrust,0.6,0.425,0.057689,0.0,0.0,11400,1628.57,O(iters * E),2.1638,0.0,,
V0,D1_RF,T_meanvar_z,0.6,1.0,0.0,0.0,0.0,18,2.57,O(k),2.1638,0.0,,
V0T,D1_RF,T1_mean,0.6,1.0,0.0,0.0,0.0,7,1.0,O(k),2.1638,0.0,,
V0T,D1_RF,T2_SL,0.6,1.0,0.0,0.0,0.0,20,2.86,O(k),2.1638,0.0,,
V0T,D1_RF,T3_Beta,0.6,1.0,0.0,0.0,0.0,20,2.86,O(k),2.1638,0.0,,
V0T,D1_RF,T5_TFLDT,0.6,1.0,0.0,0.0,0.0,20,2.86,O(k + deg),2.1638,0.0,,
V0T,D1_RF,T_max,0.6,1.0,0.0,0.0,0.0,6,0.86,O(k),2.1638,0.0,,
V0T,D1_RF,T_median,0.6,1.0,0.0,0.0,0.0,16,2.29,O(k log k),2.1638,0.0,,
V0T,D1_RF,T4_EigenTrust,0.6,0.425,0.057689,0.0,0.0,11400,1628.57,O(iters * E),2.1638,0.0,,
V0T,D1_RF,T_meanvar_z,0.6,1.0,0.0,0.0,0.0,18,2.57,O(k),2.1638,0.0,,
V1,D1_RF,T1_mean,0.6,0.99,0.007797,0.0,0.0,7,1.0,O(k),2.1638,,0.4,0.1983
V1,D1_RF,T2_SL,0.6,0.99,0.007797,0.0,0.0,20,2.86,O(k),2.1638,,0.4,0.1983
V1,D1_RF,T3_Beta,0.6,0.99,0.007797,0.0,0.0,20,2.86,O(k),2.1638,,0.4,0.1983
V1,D1_RF,T5_TFLDT,0.6,0.986667,0.008907,0.0,0.0,20,2.86,O(k + deg),2.1638,,0.4,0.1983
V1,D1_RF,T_max,0.6,0.988333,0.008377,0.0,0.0,6,0.86,O(k),2.1638,,0.4,0.1983
V1,D1_RF,T_median,0.6,0.971667,0.013972,0.0,0.0,16,2.29,O(k log k),2.1638,,0.4,0.1983
V1,D1_RF,T4_EigenTrust,0.6,0.531667,0.055073,0.0,0.0,11400,1628.57,O(iters * E),2.1638,,0.4,0.1983
V1,D1_RF,T_meanvar_z,0.6,0.99,0.007797,0.0,0.0,18,2.57,O(k),2.1638,,0.4,0.1983
V1T,D1_RF,T1_mean,0.6,1.0,0.0,0.0,0.0,7,1.0,O(k),2.1638,,0.4,0.6439
V1T,D1_RF,T2_SL,0.6,1.0,0.0,0.0,0.0,20,2.86,O(k),2.1638,,0.4,0.6439
V1T,D1_RF,T3_Beta,0.6,1.0,0.0,0.0,0.0,20,2.86,O(k),2.1638,,0.4,0.6439
V1T,D1_RF,T5_TFLDT,0.6,1.0,0.0,0.0,0.0,20,2.86,O(k + deg),2.1638,,0.4,0.6439
V1T,D1_RF,T_max,0.6,0.998333,0.003267,0.0,0.0,6,0.86,O(k),2.1638,,0.4,0.6439
V1T,D1_RF,T_median,0.6,1.0,0.0,0.0,0.0,16,2.29,O(k log k),2.1638,,0.4,0.6439
V1T,D1_RF,T4_EigenTrust,0.6,0.728333,0.055066,0.0,0.0,11400,1628.57,O(iters * E),2.1638,,0.4,0.6439
V1T,D1_RF,T_meanvar_z,0.6,0.998333,0.003267,0.0,0.0,18,2.57,O(k),2.1638,,0.4,0.6439
V0,D1_RF,T1_mean,0.7,1.0,0.0,0.0,0.0,7,1.0,O(k),2.1638,0.0,,
V0,D1_RF,T2_SL,0.7,1.0,0.0,0.0,0.0,20,2.86,O(k),2.1638,0.0,,
V0,D1_RF,T3_Beta,0.7,1.0,0.0,0.0,0.0,20,2.86,O(k),2.1638,0.0,,
V0,D1_RF,T5_TFLDT,0.7,1.0,0.0,0.0,0.0,20,2.86,O(k + deg),2.1638,0.0,,
V0,D1_RF,T_max,0.7,1.0,0.0,0.0,0.0,6,0.86,O(k),2.1638,0.0,,
V0,D1_RF,T_median,0.7,1.0,0.0,0.0,0.0,16,2.29,O(k log k),2.1638,0.0,,
V0,D1_RF,T4_EigenTrust,0.7,0.568333,0.059114,0.0,0.0,11400,1628.57,O(iters * E),2.1638,0.0,,
V0,D1_RF,T_meanvar_z,0.7,1.0,0.0,0.0,0.0,18,2.57,O(k),2.1638,0.0,,
V0T,D1_RF,T1_mean,0.7,1.0,0.0,0.0,0.0,7,1.0,O(k),2.1638,0.0,,
V0T,D1_RF,T2_SL,0.7,1.0,0.0,0.0,0.0,20,2.86,O(k),2.1638,0.0,,
V0T,D1_RF,T3_Beta,0.7,1.0,0.0,0.0,0.0,20,2.86,O(k),2.1638,0.0,,
V0T,D1_RF,T5_TFLDT,0.7,1.0,0.0,0.0,0.0,20,2.86,O(k + deg),2.1638,0.0,,
V0T,D1_RF,T_max,0.7,1.0,0.0,0.0,0.0,6,0.86,O(k),2.1638,0.0,,
V0T,D1_RF,T_median,0.7,1.0,0.0,0.0,0.0,16,2.29,O(k log k),2.1638,0.0,,
V0T,D1_RF,T4_EigenTrust,0.7,0.568333,0.059114,0.0,0.0,11400,1628.57,O(iters * E),2.1638,0.0,,
V0T,D1_RF,T_meanvar_z,0.7,1.0,0.0,0.0,0.0,18,2.57,O(k),2.1638,0.0,,
V1,D1_RF,T1_mean,0.7,0.993333,0.006434,0.0,0.0,7,1.0,O(k),2.1638,,0.3,0.1093
V1,D1_RF,T2_SL,0.7,0.993333,0.006434,0.0,0.0,20,2.86,O(k),2.1638,,0.3,0.1093
V1,D1_RF,T3_Beta,0.7,0.993333,0.006434,0.0,0.0,20,2.86,O(k),2.1638,,0.3,0.1093
V1,D1_RF,T5_TFLDT,0.7,0.988333,0.009577,0.0,0.0,20,2.86,O(k + deg),2.1638,,0.3,0.1093
V1,D1_RF,T_max,0.7,0.99,0.007797,0.0,0.0,6,0.86,O(k),2.1638,,0.3,0.1093
V1,D1_RF,T_median,0.7,0.978333,0.012846,0.0,0.0,16,2.29,O(k log k),2.1638,,0.3,0.1093
V1,D1_RF,T4_EigenTrust,0.7,0.598333,0.05612,0.0,0.0,11400,1628.57,O(iters * E),2.1638,,0.3,0.1093
V1,D1_RF,T_meanvar_z,0.7,0.991667,0.007155,0.0,0.0,18,2.57,O(k),2.1638,,0.3,0.1093
V1T,D1_RF,T1_mean,0.7,1.0,0.0,0.0,0.0,7,1.0,O(k),2.1638,,0.3,0.6194
V1T,D1_RF,T2_SL,0.7,1.0,0.0,0.0,0.0,20,2.86,O(k),2.1638,,0.3,0.6194
V1T,D1_RF,T3_Beta,0.7,1.0,0.0,0.0,0.0,20,2.86,O(k),2.1638,,0.3,0.6194
V1T,D1_RF,T5_TFLDT,0.7,1.0,0.0,0.0,0.0,20,2.86,O(k + deg),2.1638,,0.3,0.6194
V1T,D1_RF,T_max,0.7,1.0,0.0,0.0,0.0,6,0.86,O(k),2.1638,,0.3,0.6194
V1T,D1_RF,T_median,0.7,1.0,0.0,0.0,0.0,16,2.29,O(k log k),2.1638,,0.3,0.6194
V1T,D1_RF,T4_EigenTrust,0.7,0.76,0.054011,0.0,0.0,11400,1628.57,O(iters * E),2.1638,,0.3,0.6194
V1T,D1_RF,T_meanvar_z,0.7,1.0,0.0,0.0,0.0,18,2.57,O(k),2.1638,,0.3,0.6194
V0,D1_RF,T1_mean,0.8,1.0,0.0,0.0,0.0,7,1.0,O(k),2.1638,0.0,,
V0,D1_RF,T2_SL,0.8,1.0,0.0,0.0,0.0,20,2.86,O(k),2.1638,0.0,,
V0,D1_RF,T3_Beta,0.8,1.0,0.0,0.0,0.0,20,2.86,O(k),2.1638,0.0,,
V0,D1_RF,T5_TFLDT,0.8,1.0,0.0,0.0,0.0,20,2.86,O(k + deg),2.1638,0.0,,
V0,D1_RF,T_max,0.8,1.0,0.0,0.0,0.0,6,0.86,O(k),2.1638,0.0,,
V0,D1_RF,T_median,0.8,1.0,0.0,0.0,0.0,16,2.29,O(k log k),2.1638,0.0,,
V0,D1_RF,T4_EigenTrust,0.8,0.658333,0.060069,0.0,0.0,11400,1628.57,O(iters * E),2.1638,0.0,,
V0,D1_RF,T_meanvar_z,0.8,1.0,0.0,0.0,0.0,18,2.57,O(k),2.1638,0.0,,
V0T,D1_RF,T1_mean,0.8,1.0,0.0,0.0,0.0,7,1.0,O(k),2.1638,0.0,,
V0T,D1_RF,T2_SL,0.8,1.0,0.0,0.0,0.0,20,2.86,O(k),2.1638,0.0,,
V0T,D1_RF,T3_Beta,0.8,1.0,0.0,0.0,0.0,20,2.86,O(k),2.1638,0.0,,
V0T,D1_RF,T5_TFLDT,0.8,1.0,0.0,0.0,0.0,20,2.86,O(k + deg),2.1638,0.0,,
V0T,D1_RF,T_max,0.8,1.0,0.0,0.0,0.0,6,0.86,O(k),2.1638,0.0,,
V0T,D1_RF,T_median,0.8,1.0,0.0,0.0,0.0,16,2.29,O(k log k),2.1638,0.0,,
V0T,D1_RF,T4_EigenTrust,0.8,0.658333,0.060069,0.0,0.0,11400,1628.57,O(iters * E),2.1638,0.0,,
V0T,D1_RF,T_meanvar_z,0.8,1.0,0.0,0.0,0.0,18,2.57,O(k),2.1638,0.0,,
V1,D1_RF,T1_mean,0.8,0.996667,0.004596,0.0,0.0,7,1.0,O(k),2.1638,,0.161,0.0
V1,D1_RF,T2_SL,0.8,0.996667,0.004596,0.0,0.0,20,2.86,O(k),2.1638,,0.161,0.0
V1,D1_RF,T3_Beta,0.8,0.996667,0.004596,0.0,0.0,20,2.86,O(k),2.1638,,0.161,0.0
V1,D1_RF,T5_TFLDT,0.8,0.986667,0.010044,0.0,0.0,20,2.86,O(k + deg),2.1638,,0.161,0.0
V1,D1_RF,T_max,0.8,0.996667,0.004596,0.0,0.0,6,0.86,O(k),2.1638,,0.161,0.0
V1,D1_RF,T_median,0.8,0.973333,0.015202,0.0,0.0,16,2.29,O(k log k),2.1638,,0.161,0.0
V1,D1_RF,T4_EigenTrust,0.8,0.68,0.052258,0.0,0.0,11400,1628.57,O(iters * E),2.1638,,0.161,0.0
V1,D1_RF,T_meanvar_z,0.8,0.996667,0.004596,0.0,0.0,18,2.57,O(k),2.1638,,0.161,0.0
V1T,D1_RF,T1_mean,0.8,1.0,0.0,0.0,0.0,7,1.0,O(k),2.1638,,0.2,0.5643
V1T,D1_RF,T2_SL,0.8,1.0,0.0,0.0,0.0,20,2.86,O(k),2.1638,,0.2,0.5643
V1T,D1_RF,T3_Beta,0.8,1.0,0.0,0.0,0.0,20,2.86,O(k),2.1638,,0.2,0.5643
V1T,D1_RF,T5_TFLDT,0.8,1.0,0.0,0.0,0.0,20,2.86,O(k + deg),2.1638,,0.2,0.5643
V1T,D1_RF,T_max,0.8,0.998333,0.003267,0.0,0.0,6,0.86,O(k),2.1638,,0.2,0.5643
V1T,D1_RF,T_median,0.8,1.0,0.0,0.0,0.0,16,2.29,O(k log k),2.1638,,0.2,0.5643
V1T,D1_RF,T4_EigenTrust,0.8,0.793333,0.050887,0.0,0.0,11400,1628.57,O(iters * E),2.1638,,0.2,0.5643
V1T,D1_RF,T_meanvar_z,0.8,1.0,0.0,0.0,0.0,18,2.57,O(k),2.1638,,0.2,0.5643
V0,D1_RF,T1_mean,0.9,1.0,0.0,0.0,0.0,7,1.0,O(k),2.1638,0.0,,
V0,D1_RF,T2_SL,0.9,1.0,0.0,0.0,0.0,20,2.86,O(k),2.1638,0.0,,
V0,D1_RF,T3_Beta,0.9,1.0,0.0,0.0,0.0,20,2.86,O(k),2.1638,0.0,,
V0,D1_RF,T5_TFLDT,0.9,1.0,0.0,0.0,0.0,20,2.86,O(k + deg),2.1638,0.0,,
V0,D1_RF,T_max,0.9,1.0,0.0,0.0,0.0,6,0.86,O(k),2.1638,0.0,,
V0,D1_RF,T_median,0.9,1.0,0.0,0.0,0.0,16,2.29,O(k log k),2.1638,0.0,,
V0,D1_RF,T4_EigenTrust,0.9,0.743333,0.052205,0.0,0.0,11400,1628.57,O(iters * E),2.1638,0.0,,
V0,D1_RF,T_meanvar_z,0.9,1.0,0.0,0.0,0.0,18,2.57,O(k),2.1638,0.0,,
V0T,D1_RF,T1_mean,0.9,1.0,0.0,0.0,0.0,7,1.0,O(k),2.1638,0.0,,
V0T,D1_RF,T2_SL,0.9,1.0,0.0,0.0,0.0,20,2.86,O(k),2.1638,0.0,,
V0T,D1_RF,T3_Beta,0.9,1.0,0.0,0.0,0.0,20,2.86,O(k),2.1638,0.0,,
V0T,D1_RF,T5_TFLDT,0.9,1.0,0.0,0.0,0.0,20,2.86,O(k + deg),2.1638,0.0,,
V0T,D1_RF,T_max,0.9,1.0,0.0,0.0,0.0,6,0.86,O(k),2.1638,0.0,,
V0T,D1_RF,T_median,0.9,1.0,0.0,0.0,0.0,16,2.29,O(k log k),2.1638,0.0,,
V0T,D1_RF,T4_EigenTrust,0.9,0.743333,0.052205,0.0,0.0,11400,1628.57,O(iters * E),2.1638,0.0,,
V0T,D1_RF,T_meanvar_z,0.9,1.0,0.0,0.0,0.0,18,2.57,O(k),2.1638,0.0,,
V1,D1_RF,T1_mean,0.9,1.0,0.0,0.0,0.0,7,1.0,O(k),2.1638,,0.0805,0.0
V1,D1_RF,T2_SL,0.9,1.0,0.0,0.0,0.0,20,2.86,O(k),2.1638,,0.0805,0.0
V1,D1_RF,T3_Beta,0.9,1.0,0.0,0.0,0.0,20,2.86,O(k),2.1638,,0.0805,0.0
V1,D1_RF,T5_TFLDT,0.9,1.0,0.0,0.0,0.0,20,2.86,O(k + deg),2.1638,,0.0805,0.0
V1,D1_RF,T_max,0.9,1.0,0.0,0.0,0.0,6,0.86,O(k),2.1638,,0.0805,0.0
V1,D1_RF,T_median,0.9,0.998333,0.003267,0.0,0.0,16,2.29,O(k log k),2.1638,,0.0805,0.0
V1,D1_RF,T4_EigenTrust,0.9,0.798333,0.04412,0.0,0.0,11400,1628.57,O(iters * E),2.1638,,0.0805,0.0
V1,D1_RF,T_meanvar_z,0.9,1.0,0.0,0.0,0.0,18,2.57,O(k),2.1638,,0.0805,0.0
V1T,D1_RF,T1_mean,0.9,1.0,0.0,0.0,0.0,7,1.0,O(k),2.1638,,0.1,0.4198
V1T,D1_RF,T2_SL,0.9,1.0,0.0,0.0,0.0,20,2.86,O(k),2.1638,,0.1,0.4198
V1T,D1_RF,T3_Beta,0.9,1.0,0.0,0.0,0.0,20,2.86,O(k),2.1638,,0.1,0.4198
V1T,D1_RF,T5_TFLDT,0.9,1.0,0.0,0.0,0.0,20,2.86,O(k + deg),2.1638,,0.1,0.4198
V1T,D1_RF,T_max,0.9,1.0,0.0,0.0,0.0,6,0.86,O(k),2.1638,,0.1,0.4198
V1T,D1_RF,T_median,0.9,1.0,0.0,0.0,0.0,16,2.29,O(k log k),2.1638,,0.1,0.4198
V1T,D1_RF,T4_EigenTrust,0.9,0.833333,0.043307,0.0,0.0,11400,1628.57,O(iters * E),2.1638,,0.1,0.4198
V1T,D1_RF,T_meanvar_z,0.9,1.0,0.0,0.0,0.0,18,2.57,O(k),2.1638,,0.1,0.4198
V0,D1_RF,T1_mean,1.0,1.0,0.0,0.0,0.0,7,1.0,O(k),2.1638,0.0,,
V0,D1_RF,T2_SL,1.0,1.0,0.0,0.0,0.0,20,2.86,O(k),2.1638,0.0,,
V0,D1_RF,T3_Beta,1.0,1.0,0.0,0.0,0.0,20,2.86,O(k),2.1638,0.0,,
V0,D1_RF,T5_TFLDT,1.0,1.0,0.0,0.0,0.0,20,2.86,O(k + deg),2.1638,0.0,,
V0,D1_RF,T_max,1.0,1.0,0.0,0.0,0.0,6,0.86,O(k),2.1638,0.0,,
V0,D1_RF,T_median,1.0,1.0,0.0,0.0,0.0,16,2.29,O(k log k),2.1638,0.0,,
V0,D1_RF,T4_EigenTrust,1.0,0.908333,0.033921,0.0,0.0,11400,1628.57,O(iters * E),2.1638,0.0,,
V0,D1_RF,T_meanvar_z,1.0,1.0,0.0,0.0,0.0,18,2.57,O(k),2.1638,0.0,,
V0T,D1_RF,T1_mean,1.0,1.0,0.0,0.0,0.0,7,1.0,O(k),2.1638,0.0,,
V0T,D1_RF,T2_SL,1.0,1.0,0.0,0.0,0.0,20,2.86,O(k),2.1638,0.0,,
V0T,D1_RF,T3_Beta,1.0,1.0,0.0,0.0,0.0,20,2.86,O(k),2.1638,0.0,,
V0T,D1_RF,T5_TFLDT,1.0,1.0,0.0,0.0,0.0,20,2.86,O(k + deg),2.1638,0.0,,
V0T,D1_RF,T_max,1.0,1.0,0.0,0.0,0.0,6,0.86,O(k),2.1638,0.0,,
V0T,D1_RF,T_median,1.0,1.0,0.0,0.0,0.0,16,2.29,O(k log k),2.1638,0.0,,
V0T,D1_RF,T4_EigenTrust,1.0,0.908333,0.033921,0.0,0.0,11400,1628.57,O(iters * E),2.1638,0.0,,
V0T,D1_RF,T_meanvar_z,1.0,1.0,0.0,0.0,0.0,18,2.57,O(k),2.1638,0.0,,
V1,D1_RF,T1_mean,1.0,1.0,0.0,0.0,0.0,7,1.0,O(k),2.1638,,0.0,0.2698
V1,D1_RF,T2_SL,1.0,1.0,0.0,0.0,0.0,20,2.86,O(k),2.1638,,0.0,0.2698
V1,D1_RF,T3_Beta,1.0,1.0,0.0,0.0,0.0,20,2.86,O(k),2.1638,,0.0,0.2698
V1,D1_RF,T5_TFLDT,1.0,1.0,0.0,0.0,0.0,20,2.86,O(k + deg),2.1638,,0.0,0.2698
V1,D1_RF,T_max,1.0,1.0,0.0,0.0,0.0,6,0.86,O(k),2.1638,,0.0,0.2698
V1,D1_RF,T_median,1.0,1.0,0.0,0.0,0.0,16,2.29,O(k log k),2.1638,,0.0,0.2698
V1,D1_RF,T4_EigenTrust,1.0,0.906667,0.03422,0.0,0.0,11400,1628.57,O(iters * E),2.1638,,0.0,0.2698
V1,D1_RF,T_meanvar_z,1.0,1.0,0.0,0.0,0.0,18,2.57,O(k),2.1638,,0.0,0.2698
V1T,D1_RF,T1_mean,1.0,1.0,0.0,0.0,0.0,7,1.0,O(k),2.1638,,0.0,0.2698
V1T,D1_RF,T2_SL,1.0,1.0,0.0,0.0,0.0,20,2.86,O(k),2.1638,,0.0,0.2698
V1T,D1_RF,T3_Beta,1.0,1.0,0.0,0.0,0.0,20,2.86,O(k),2.1638,,0.0,0.2698
V1T,D1_RF,T5_TFLDT,1.0,1.0,0.0,0.0,0.0,20,2.86,O(k + deg),2.1638,,0.0,0.2698
V1T,D1_RF,T_max,1.0,1.0,0.0,0.0,0.0,6,0.86,O(k),2.1638,,0.0,0.2698
V1T,D1_RF,T_median,1.0,1.0,0.0,0.0,0.0,16,2.29,O(k log k),2.1638,,0.0,0.2698
V1T,D1_RF,T4_EigenTrust,1.0,0.906667,0.03422,0.0,0.0,11400,1628.57,O(iters * E),2.1638,,0.0,0.2698
V1T,D1_RF,T_meanvar_z,1.0,1.0,0.0,0.0,0.0,18,2.57,O(k),2.1638,,0.0,0.2698
V0,D2_CNN,T1_mean,0.1,0.358,0.049753,0.06,0.01,7,1.0,O(k),2.1364,0.0,,
V0,D2_CNN,T2_SL,0.1,0.358,0.049753,0.06,0.01,20,2.86,O(k),2.1364,0.0,,
V0,D2_CNN,T3_Beta,0.1,0.358,0.049753,0.06,0.01,20,2.86,O(k),2.1364,0.0,,
V0,D2_CNN,T5_TFLDT,0.1,0.362667,0.049297,0.06,0.01,20,2.86,O(k + deg),2.1364,0.0,,
V0,D2_CNN,T_max,0.1,0.531333,0.04462,0.02,0.01,6,0.86,O(k),2.1364,0.0,,
V0,D2_CNN,T_median,0.1,0.061667,0.023054,0.65,0.01,16,2.29,O(k log k),2.1364,0.0,,
V0,D2_CNN,T4_EigenTrust,0.1,0.08,0.026866,0.31,0.01,11400,1628.57,O(iters * E),2.1364,0.0,,
V0,D2_CNN,T_meanvar_z,0.1,0.524667,0.045022,0.02,0.01,18,2.57,O(k),2.1364,0.0,,
V0T,D2_CNN,T1_mean,0.1,0.358,0.049753,0.06,0.01,7,1.0,O(k),2.1364,0.0,,
V0T,D2_CNN,T2_SL,0.1,0.358,0.049753,0.06,0.01,20,2.86,O(k),2.1364,0.0,,
V0T,D2_CNN,T3_Beta,0.1,0.358,0.049753,0.06,0.01,20,2.86,O(k),2.1364,0.0,,
V0T,D2_CNN,T5_TFLDT,0.1,0.362667,0.049297,0.06,0.01,20,2.86,O(k + deg),2.1364,0.0,,
V0T,D2_CNN,T_max,0.1,0.531333,0.04462,0.02,0.01,6,0.86,O(k),2.1364,0.0,,
V0T,D2_CNN,T_median,0.1,0.061667,0.023054,0.65,0.01,16,2.29,O(k log k),2.1364,0.0,,
V0T,D2_CNN,T4_EigenTrust,0.1,0.08,0.026866,0.31,0.01,11400,1628.57,O(iters * E),2.1364,0.0,,
V0T,D2_CNN,T_meanvar_z,0.1,0.524667,0.045022,0.02,0.01,18,2.57,O(k),2.1364,0.0,,
V1,D2_CNN,T1_mean,0.1,0.831333,0.042176,0.0,0.03,7,1.0,O(k),2.1364,,0.9,0.1897
V1,D2_CNN,T2_SL,0.1,0.831333,0.042176,0.0,0.03,20,2.86,O(k),2.1364,,0.9,0.1897
V1,D2_CNN,T3_Beta,0.1,0.831333,0.042176,0.0,0.03,20,2.86,O(k),2.1364,,0.9,0.1897
V1,D2_CNN,T5_TFLDT,0.1,0.821333,0.039741,0.0,0.03,20,2.86,O(k + deg),2.1364,,0.9,0.1897
V1,D2_CNN,T_max,0.1,0.668,0.044369,0.0,0.03,6,0.86,O(k),2.1364,,0.9,0.1897
V1,D2_CNN,T_median,0.1,0.756667,0.044394,0.0,0.03,16,2.29,O(k log k),2.1364,,0.9,0.1897
V1,D2_CNN,T4_EigenTrust,0.1,0.145,0.037622,0.15,0.03,11400,1628.57,O(iters * E),2.1364,,0.9,0.1897
V1,D2_CNN,T_meanvar_z,0.1,0.831667,0.03364,0.0,0.03,18,2.57,O(k),2.1364,,0.9,0.1897
V1T,D2_CNN,T1_mean,0.1,0.476333,0.047033,0.02,0.07,7,1.0,O(k),2.1364,,0.9,0.0628
V1T,D2_CNN,T2_SL,0.1,0.476333,0.047033,0.02,0.07,20,2.86,O(k),2.1364,,0.9,0.0628
V1T,D2_CNN,T3_Beta,0.1,0.476333,0.047033,0.02,0.07,20,2.86,O(k),2.1364,,0.9,0.0628
V1T,D2_CNN,T5_TFLDT,0.1,0.477667,0.045795,0.02,0.07,20,2.86,O(k + deg),2.1364,,0.9,0.0628
V1T,D2_CNN,T_max,0.1,0.477667,0.04108,0.02,0.07,6,0.86,O(k),2.1364,,0.9,0.0628
V1T,D2_CNN,T_median,0.1,0.240333,0.046256,0.1,0.07,16,2.29,O(k log k),2.1364,,0.9,0.0628
V1T,D2_CNN,T4_EigenTrust,0.1,0.118333,0.034212,0.28,0.07,11400,1628.57,O(iters * E),2.1364,,0.9,0.0628
V1T,D2_CNN,T_meanvar_z,0.1,0.492667,0.045866,0.01,0.07,18,2.57,O(k),2.1364,,0.9,0.0628
V0,D2_CNN,T1_mean,0.2,0.855,0.037044,0.0,0.0,7,1.0,O(k),2.1364,0.0,,
V0,D2_CNN,T2_SL,0.2,0.855,0.037044,0.0,0.0,20,2.86,O(k),2.1364,0.0,,
V0,D2_CNN,T3_Beta,0.2,0.855,0.037044,0.0,0.0,20,2.86,O(k),2.1364,0.0,,
V0,D2_CNN,T5_TFLDT,0.2,0.855,0.039028,0.0,0.0,20,2.86,O(k + deg),2.1364,0.0,,
V0,D2_CNN,T_max,0.2,0.96,0.015483,0.0,0.0,6,0.86,O(k),2.1364,0.0,,
V0,D2_CNN,T_median,0.2,0.136667,0.033923,0.37,0.0,16,2.29,O(k log k),2.1364,0.0,,
V0,D2_CNN,T4_EigenTrust,0.2,0.153333,0.039035,0.21,0.0,11400,1628.57,O(iters * E),2.1364,0.0,,
V0,D2_CNN,T_meanvar_z,0.2,0.955,0.015986,0.0,0.0,18,2.57,O(k),2.1364,0.0,,
V0T,D2_CNN,T1_mean,0.2,0.855,0.037044,0.0,0.0,7,1.0,O(k),2.1364,0.0,,
V0T,D2_CNN,T2_SL,0.2,0.855,0.037044,0.0,0.0,20,2.86,O(k),2.1364,0.0,,
V0T,D2_CNN,T3_Beta,0.2,0.855,0.037044,0.0,0.0,20,2.86,O(k),2.1364,0.0,,
V0T,D2_CNN,T5_TFLDT,0.2,0.855,0.039028,0.0,0.0,20,2.86,O(k + deg),2.1364,0.0,,
V0T,D2_CNN,T_max,0.2,0.96,0.015483,0.0,0.0,6,0.86,O(k),2.1364,0.0,,
V0T,D2_CNN,T_median,0.2,0.136667,0.033923,0.37,0.0,16,2.29,O(k log k),2.1364,0.0,,
V0T,D2_CNN,T4_EigenTrust,0.2,0.153333,0.039035,0.21,0.0,11400,1628.57,O(iters * E),2.1364,0.0,,
V0T,D2_CNN,T_meanvar_z,0.2,0.955,0.015986,0.0,0.0,18,2.57,O(k),2.1364,0.0,,
V1,D2_CNN,T1_mean,0.2,0.955,0.021203,0.0,0.0,7,1.0,O(k),2.1364,,0.8,0.2488
V1,D2_CNN,T2_SL,0.2,0.955,0.021203,0.0,0.0,20,2.86,O(k),2.1364,,0.8,0.2488
V1,D2_CNN,T3_Beta,0.2,0.955,0.021203,0.0,0.0,20,2.86,O(k),2.1364,,0.8,0.2488
V1,D2_CNN,T5_TFLDT,0.2,0.936667,0.021669,0.0,0.0,20,2.86,O(k + deg),2.1364,,0.8,0.2488
V1,D2_CNN,T_max,0.2,0.865,0.031386,0.0,0.0,6,0.86,O(k),2.1364,,0.8,0.2488
V1,D2_CNN,T_median,0.2,0.913333,0.029541,0.0,0.0,16,2.29,O(k log k),2.1364,,0.8,0.2488
V1,D2_CNN,T4_EigenTrust,0.2,0.208333,0.048112,0.03,0.0,11400,1628.57,O(iters * E),2.1364,,0.8,0.2488
V1,D2_CNN,T_meanvar_z,0.2,0.945,0.019729,0.0,0.0,18,2.57,O(k),2.1364,,0.8,0.2488
V1T,D2_CNN,T1_mean,0.2,0.996667,0.004596,0.0,0.0,7,1.0,O(k),2.1364,,0.8,0.3992
V1T,D2_CNN,T2_SL,0.2,0.996667,0.004596,0.0,0.0,20,2.86,O(k),2.1364,,0.8,0.3992
V1T,D2_CNN,T3_Beta,0.2,0.996667,0.004596,0.0,0.0,20,2.86,O(k),2.1364,,0.8,0.3992
V1T,D2_CNN,T5_TFLDT,0.2,0.993333,0.007934,0.0,0.0,20,2.86,O(k + deg),2.1364,,0.8,0.3992
V1T,D2_CNN,T_max,0.2,0.971667,0.013972,0.0,0.0,6,0.86,O(k),2.1364,,0.8,0.3992
V1T,D2_CNN,T_median,0.2,0.993333,0.007934,0.0,0.0,16,2.29,O(k log k),2.1364,,0.8,0.3992
V1T,D2_CNN,T4_EigenTrust,0.2,0.285,0.055966,0.01,0.0,11400,1628.57,O(iters * E),2.1364,,0.8,0.3992
V1T,D2_CNN,T_meanvar_z,0.2,0.993333,0.006434,0.0,0.0,18,2.57,O(k),2.1364,,0.8,0.3992
V0,D2_CNN,T1_mean,0.3,0.988333,0.009577,0.0,0.0,7,1.0,O(k),2.1364,0.0,,
V0,D2_CNN,T2_SL,0.3,0.988333,0.009577,0.0,0.0,20,2.86,O(k),2.1364,0.0,,
V0,D2_CNN,T3_Beta,0.3,0.988333,0.009577,0.0,0.0,20,2.86,O(k),2.1364,0.0,,
V0,D2_CNN,T5_TFLDT,0.3,0.98,0.018734,0.0,0.0,20,2.86,O(k + deg),2.1364,0.0,,
V0,D2_CNN,T_max,0.3,0.991667,0.007155,0.0,0.0,6,0.86,O(k),2.1364,0.0,,
V0,D2_CNN,T_median,0.3,0.248333,0.040609,0.1,0.0,16,2.29,O(k log k),2.1364,0.0,,
V0,D2_CNN,T4_EigenTrust,0.3,0.19,0.043063,0.06,0.0,11400,1628.57,O(iters * E),2.1364,0.0,,
V0,D2_CNN,T_meanvar_z,0.3,0.991667,0.007155,0.0,0.0,18,2.57,O(k),2.1364,0.0,,
V0T,D2_CNN,T1_mean,0.3,0.988333,0.009577,0.0,0.0,7,1.0,O(k),2.1364,0.0,,
V0T,D2_CNN,T2_SL,0.3,0.988333,0.009577,0.0,0.0,20,2.86,O(k),2.1364,0.0,,
V0T,D2_CNN,T3_Beta,0.3,0.988333,0.009577,0.0,0.0,20,2.86,O(k),2.1364,0.0,,
V0T,D2_CNN,T5_TFLDT,0.3,0.98,0.018734,0.0,0.0,20,2.86,O(k + deg),2.1364,0.0,,
V0T,D2_CNN,T_max,0.3,0.991667,0.007155,0.0,0.0,6,0.86,O(k),2.1364,0.0,,
V0T,D2_CNN,T_median,0.3,0.248333,0.040609,0.1,0.0,16,2.29,O(k log k),2.1364,0.0,,
V0T,D2_CNN,T4_EigenTrust,0.3,0.19,0.043063,0.06,0.0,11400,1628.57,O(iters * E),2.1364,0.0,,
V0T,D2_CNN,T_meanvar_z,0.3,0.991667,0.007155,0.0,0.0,18,2.57,O(k),2.1364,0.0,,
V1,D2_CNN,T1_mean,0.3,0.973333,0.015895,0.0,0.0,7,1.0,O(k),2.1364,,0.7,0.2697
V1,D2_CNN,T2_SL,0.3,0.973333,0.015895,0.0,0.0,20,2.86,O(k),2.1364,,0.7,0.2697
V1,D2_CNN,T3_Beta,0.3,0.973333,0.015895,0.0,0.0,20,2.86,O(k),2.1364,,0.7,0.2697
V1,D2_CNN,T5_TFLDT,0.3,0.96,0.017447,0.0,0.0,20,2.86,O(k + deg),2.1364,,0.7,0.2697
V1,D2_CNN,T_max,0.3,0.926667,0.024268,0.0,0.0,6,0.86,O(k),2.1364,,0.7,0.2697
V1,D2_CNN,T_median,0.3,0.951667,0.023352,0.0,0.0,16,2.29,O(k log k),2.1364,,0.7,0.2697
V1,D2_CNN,T4_EigenTrust,0.3,0.281667,0.054086,0.01,0.0,11400,1628.57,O(iters * E),2.1364,,0.7,0.2697
V1,D2_CNN,T_meanvar_z,0.3,0.973333,0.014476,0.0,0.0,18,2.57,O(k),2.1364,,0.7,0.2697
V1T,D2_CNN,T1_mean,0.3,1.0,0.0,0.0,0.0,7,1.0,O(k),2.1364,,0.7,0.5928
V1T,D2_CNN,T2_SL,0.3,1.0,0.0,0.0,0.0,20,2.86,O(k),2.1364,,0.7,0.5928
V1T,D2_CNN,T3_Beta,0.3,1.0,0.0,0.0,0.0,20,2.86,O(k),2.1364,,0.7,0.5928
V1T,D2_CNN,T5_TFLDT,0.3,0.998333,0.003267,0.0,0.0,20,2.86,O(k + deg),2.1364,,0.7,0.5928
V1T,D2_CNN,T_max,0.3,0.995,0.005601,0.0,0.0,6,0.86,O(k),2.1364,,0.7,0.5928
V1T,D2_CNN,T_median,0.3,1.0,0.0,0.0,0.0,16,2.29,O(k log k),2.1364,,0.7,0.5928
V1T,D2_CNN,T4_EigenTrust,0.3,0.496667,0.061242,0.0,0.0,11400,1628.57,O(iters * E),2.1364,,0.7,0.5928
V1T,D2_CNN,T_meanvar_z,0.3,0.998333,0.003267,0.0,0.0,18,2.57,O(k),2.1364,,0.7,0.5928
V0,D2_CNN,T1_mean,0.4,0.993333,0.006434,0.0,0.0,7,1.0,O(k),2.1364,0.0,,
V0,D2_CNN,T2_SL,0.4,0.993333,0.006434,0.0,0.0,20,2.86,O(k),2.1364,0.0,,
V0,D2_CNN,T3_Beta,0.4,0.993333,0.006434,0.0,0.0,20,2.86,O(k),2.1364,0.0,,
V0,D2_CNN,T5_TFLDT,0.4,0.981667,0.016013,0.0,0.0,20,2.86,O(k + deg),2.1364,0.0,,
V0,D2_CNN,T_max,0.4,0.991667,0.007155,0.0,0.0,6,0.86,O(k),2.1364,0.0,,
V0,D2_CNN,T_median,0.4,0.479,0.051991,0.01,0.0,16,2.29,O(k log k),2.1364,0.0,,
V0,D2_CNN,T4_EigenTrust,0.4,0.255,0.050105,0.04,0.0,11400,1628.57,O(iters * E),2.1364,0.0,,
V0,D2_CNN,T_meanvar_z,0.4,0.991667,0.007155,0.0,0.0,18,2.57,O(k),2.1364,0.0,,
V0T,D2_CNN,T1_mean,0.4,0.993333,0.006434,0.0,0.0,7,1.0,O(k),2.1364,0.0,,
V0T,D2_CNN,T2_SL,0.4,0.993333,0.006434,0.0,0.0,20,2.86,O(k),2.1364,0.0,,
V0T,D2_CNN,T3_Beta,0.4,0.993333,0.006434,0.0,0.0,20,2.86,O(k),2.1364,0.0,,
V0T,D2_CNN,T5_TFLDT,0.4,0.981667,0.016013,0.0,0.0,20,2.86,O(k + deg),2.1364,0.0,,
V0T,D2_CNN,T_max,0.4,0.991667,0.007155,0.0,0.0,6,0.86,O(k),2.1364,0.0,,
V0T,D2_CNN,T_median,0.4,0.479,0.051991,0.01,0.0,16,2.29,O(k log k),2.1364,0.0,,
V0T,D2_CNN,T4_EigenTrust,0.4,0.255,0.050105,0.04,0.0,11400,1628.57,O(iters * E),2.1364,0.0,,
V0T,D2_CNN,T_meanvar_z,0.4,0.991667,0.007155,0.0,0.0,18,2.57,O(k),2.1364,0.0,,
V1,D2_CNN,T1_mean,0.4,0.983333,0.010889,0.0,0.0,7,1.0,O(k),2.1364,,0.6,0.2669
V1,D2_CNN,T2_SL,0.4,0.983333,0.010889,0.0,0.0,20,2.86,O(k),2.1364,,0.6,0.2669
V1,D2_CNN,T3_Beta,0.4,0.983333,0.010889,0.0,0.0,20,2.86,O(k),2.1364,,0.6,0.2669
V1,D2_CNN,T5_TFLDT,0.4,0.975,0.01698,0.0,0.0,20,2.86,O(k + deg),2.1364,,0.6,0.2669
V1,D2_CNN,T_max,0.4,0.955,0.019619,0.0,0.0,6,0.86,O(k),2.1364,,0.6,0.2669
V1,D2_CNN,T_median,0.4,0.965,0.018743,0.0,0.0,16,2.29,O(k log k),2.1364,,0.6,0.2669
V1,D2_CNN,T4_EigenTrust,0.4,0.356667,0.056489,0.0,0.0,11400,1628.57,O(iters * E),2.1364,,0.6,0.2669
V1,D2_CNN,T_meanvar_z,0.4,0.981667,0.012192,0.0,0.0,18,2.57,O(k),2.1364,,0.6,0.2669
V1T,D2_CNN,T1_mean,0.4,1.0,0.0,0.0,0.0,7,1.0,O(k),2.1364,,0.6,0.6284
V1T,D2_CNN,T2_SL,0.4,1.0,0.0,0.0,0.0,20,2.86,O(k),2.1364,,0.6,0.6284
V1T,D2_CNN,T3_Beta,0.4,1.0,0.0,0.0,0.0,20,2.86,O(k),2.1364,,0.6,0.6284
V1T,D2_CNN,T5_TFLDT,0.4,0.998333,0.003267,0.0,0.0,20,2.86,O(k + deg),2.1364,,0.6,0.6284
V1T,D2_CNN,T_max,0.4,0.998333,0.003267,0.0,0.0,6,0.86,O(k),2.1364,,0.6,0.6284
V1T,D2_CNN,T_median,0.4,1.0,0.0,0.0,0.0,16,2.29,O(k log k),2.1364,,0.6,0.6284
V1T,D2_CNN,T4_EigenTrust,0.4,0.601667,0.063134,0.0,0.0,11400,1628.57,O(iters * E),2.1364,,0.6,0.6284
V1T,D2_CNN,T_meanvar_z,0.4,0.998333,0.003267,0.0,0.0,18,2.57,O(k),2.1364,,0.6,0.6284
V0,D2_CNN,T1_mean,0.5,0.993333,0.006434,0.0,0.0,7,1.0,O(k),2.1364,0.0,,
V0,D2_CNN,T2_SL,0.5,0.993333,0.006434,0.0,0.0,20,2.86,O(k),2.1364,0.0,,
V0,D2_CNN,T3_Beta,0.5,0.993333,0.006434,0.0,0.0,20,2.86,O(k),2.1364,0.0,,
V0,D2_CNN,T5_TFLDT,0.5,0.993333,0.006434,0.0,0.0,20,2.86,O(k + deg),2.1364,0.0,,
V0,D2_CNN,T_max,0.5,0.991667,0.007155,0.0,0.0,6,0.86,O(k),2.1364,0.0,,
V0,D2_CNN,T_median,0.5,0.858333,0.029502,0.0,0.0,16,2.29,O(k log k),2.1364,0.0,,
V0,D2_CNN,T4_EigenTrust,0.5,0.321667,0.054396,0.0,0.0,11400,1628.57,O(iters * E),2.1364,0.0,,
V0,D2_CNN,T_meanvar_z,0.5,0.991667,0.007155,0.0,0.0,18,2.57,O(k),2.1364,0.0,,
V0T,D2_CNN,T1_mean,0.5,0.993333,0.006434,0.0,0.0,7,1.0,O(k),2.1364,0.0,,
V0T,D2_CNN,T2_SL,0.5,0.993333,0.006434,0.0,0.0,20,2.86,O(k),2.1364,0.0,,
V0T,D2_CNN,T3_Beta,0.5,0.993333,0.006434,0.0,0.0,20,2.86,O(k),2.1364,0.0,,
V0T,D2_CNN,T5_TFLDT,0.5,0.993333,0.006434,0.0,0.0,20,2.86,O(k + deg),2.1364,0.0,,
V0T,D2_CNN,T_max,0.5,0.991667,0.007155,0.0,0.0,6,0.86,O(k),2.1364,0.0,,
V0T,D2_CNN,T_median,0.5,0.858333,0.029502,0.0,0.0,16,2.29,O(k log k),2.1364,0.0,,
V0T,D2_CNN,T4_EigenTrust,0.5,0.321667,0.054396,0.0,0.0,11400,1628.57,O(iters * E),2.1364,0.0,,
V0T,D2_CNN,T_meanvar_z,0.5,0.991667,0.007155,0.0,0.0,18,2.57,O(k),2.1364,0.0,,
V1,D2_CNN,T1_mean,0.5,0.99,0.007797,0.0,0.0,7,1.0,O(k),2.1364,,0.5,0.2429
V1,D2_CNN,T2_SL,0.5,0.99,0.007797,0.0,0.0,20,2.86,O(k),2.1364,,0.5,0.2429
V1,D2_CNN,T3_Beta,0.5,0.99,0.007797,0.0,0.0,20,2.86,O(k),2.1364,,0.5,0.2429
V1,D2_CNN,T5_TFLDT,0.5,0.978333,0.012846,0.0,0.0,20,2.86,O(k + deg),2.1364,,0.5,0.2429
V1,D2_CNN,T_max,0.5,0.976667,0.013149,0.0,0.0,6,0.86,O(k),2.1364,,0.5,0.2429
V1,D2_CNN,T_median,0.5,0.971667,0.018015,0.0,0.0,16,2.29,O(k log k),2.1364,,0.5,0.2429
V1,D2_CNN,T4_EigenTrust,0.5,0.418333,0.056197,0.0,0.0,11400,1628.57,O(iters * E),2.1364,,0.5,0.2429
V1,D2_CNN,T_meanvar_z,0.5,0.983333,0.010889,0.0,0.0,18,2.57,O(k),2.1364,,0.5,0.2429
V1T,D2_CNN,T1_mean,0.5,1.0,0.0,0.0,0.0,7,1.0,O(k),2.1364,,0.5,0.6355
V1T,D2_CNN,T2_SL,0.5,1.0,0.0,0.0,0.0,20,2.86,O(k),2.1364,,0.5,0.6355
V1T,D2_CNN,T3_Beta,0.5,1.0,0.0,0.0,0.0,20,2.86,O(k),2.1364,,0.5,0.6355
V1T,D2_CNN,T5_TFLDT,0.5,1.0,0.0,0.0,0.0,20,2.86,O(k + deg),2.1364,,0.5,0.6355
V1T,D2_CNN,T_max,0.5,0.998333,0.003267,0.0,0.0,6,0.86,O(k),2.1364,,0.5,0.6355
V1T,D2_CNN,T_median,0.5,1.0,0.0,0.0,0.0,16,2.29,O(k log k),2.1364,,0.5,0.6355
V1T,D2_CNN,T4_EigenTrust,0.5,0.651667,0.059477,0.0,0.0,11400,1628.57,O(iters * E),2.1364,,0.5,0.6355
V1T,D2_CNN,T_meanvar_z,0.5,0.998333,0.003267,0.0,0.0,18,2.57,O(k),2.1364,,0.5,0.6355
V0,D2_CNN,T1_mean,0.6,1.0,0.0,0.0,0.0,7,1.0,O(k),2.1364,0.0,,
V0,D2_CNN,T2_SL,0.6,1.0,0.0,0.0,0.0,20,2.86,O(k),2.1364,0.0,,
V0,D2_CNN,T3_Beta,0.6,1.0,0.0,0.0,0.0,20,2.86,O(k),2.1364,0.0,,
V0,D2_CNN,T5_TFLDT,0.6,1.0,0.0,0.0,0.0,20,2.86,O(k + deg),2.1364,0.0,,
V0,D2_CNN,T_max,0.6,1.0,0.0,0.0,0.0,6,0.86,O(k),2.1364,0.0,,
V0,D2_CNN,T_median,0.6,1.0,0.0,0.0,0.0,16,2.29,O(k log k),2.1364,0.0,,
V0,D2_CNN,T4_EigenTrust,0.6,0.403333,0.057089,0.0,0.0,11400,1628.57,O(iters * E),2.1364,0.0,,
V0,D2_CNN,T_meanvar_z,0.6,1.0,0.0,0.0,0.0,18,2.57,O(k),2.1364,0.0,,
V0T,D2_CNN,T1_mean,0.6,1.0,0.0,0.0,0.0,7,1.0,O(k),2.1364,0.0,,
V0T,D2_CNN,T2_SL,0.6,1.0,0.0,0.0,0.0,20,2.86,O(k),2.1364,0.0,,
V0T,D2_CNN,T3_Beta,0.6,1.0,0.0,0.0,0.0,20,2.86,O(k),2.1364,0.0,,
V0T,D2_CNN,T5_TFLDT,0.6,1.0,0.0,0.0,0.0,20,2.86,O(k + deg),2.1364,0.0,,
V0T,D2_CNN,T_max,0.6,1.0,0.0,0.0,0.0,6,0.86,O(k),2.1364,0.0,,
V0T,D2_CNN,T_median,0.6,1.0,0.0,0.0,0.0,16,2.29,O(k log k),2.1364,0.0,,
V0T,D2_CNN,T4_EigenTrust,0.6,0.403333,0.057089,0.0,0.0,11400,1628.57,O(iters * E),2.1364,0.0,,
V0T,D2_CNN,T_meanvar_z,0.6,1.0,0.0,0.0,0.0,18,2.57,O(k),2.1364,0.0,,
V1,D2_CNN,T1_mean,0.6,0.988333,0.008377,0.0,0.0,7,1.0,O(k),2.1364,,0.4,0.1937
V1,D2_CNN,T2_SL,0.6,0.988333,0.008377,0.0,0.0,20,2.86,O(k),2.1364,,0.4,0.1937
V1,D2_CNN,T3_Beta,0.6,0.988333,0.008377,0.0,0.0,20,2.86,O(k),2.1364,,0.4,0.1937
V1,D2_CNN,T5_TFLDT,0.6,0.985,0.009396,0.0,0.0,20,2.86,O(k + deg),2.1364,,0.4,0.1937
V1,D2_CNN,T_max,0.6,0.988333,0.008377,0.0,0.0,6,0.86,O(k),2.1364,,0.4,0.1937
V1,D2_CNN,T_median,0.6,0.968333,0.014457,0.0,0.0,16,2.29,O(k log k),2.1364,,0.4,0.1937
V1,D2_CNN,T4_EigenTrust,0.6,0.513333,0.054874,0.0,0.0,11400,1628.57,O(iters * E),2.1364,,0.4,0.1937
V1,D2_CNN,T_meanvar_z,0.6,0.99,0.007797,0.0,0.0,18,2.57,O(k),2.1364,,0.4,0.1937
V1T,D2_CNN,T1_mean,0.6,1.0,0.0,0.0,0.0,7,1.0,O(k),2.1364,,0.4,0.6284
V1T,D2_CNN,T2_SL,0.6,1.0,0.0,0.0,0.0,20,2.86,O(k),2.1364,,0.4,0.6284
V1T,D2_CNN,T3_Beta,0.6,1.0,0.0,0.0,0.0,20,2.86,O(k),2.1364,,0.4,0.6284
V1T,D2_CNN,T5_TFLDT,0.6,1.0,0.0,0.0,0.0,20,2.86,O(k + deg),2.1364,,0.4,0.6284
V1T,D2_CNN,T_max,0.6,0.998333,0.003267,0.0,0.0,6,0.86,O(k),2.1364,,0.4,0.6284
V1T,D2_CNN,T_median,0.6,1.0,0.0,0.0,0.0,16,2.29,O(k log k),2.1364,,0.4,0.6284
V1T,D2_CNN,T4_EigenTrust,0.6,0.698333,0.057374,0.0,0.0,11400,1628.57,O(iters * E),2.1364,,0.4,0.6284
V1T,D2_CNN,T_meanvar_z,0.6,0.998333,0.003267,0.0,0.0,18,2.57,O(k),2.1364,,0.4,0.6284
V0,D2_CNN,T1_mean,0.7,1.0,0.0,0.0,0.0,7,1.0,O(k),2.1364,0.0,,
V0,D2_CNN,T2_SL,0.7,1.0,0.0,0.0,0.0,20,2.86,O(k),2.1364,0.0,,
V0,D2_CNN,T3_Beta,0.7,1.0,0.0,0.0,0.0,20,2.86,O(k),2.1364,0.0,,
V0,D2_CNN,T5_TFLDT,0.7,0.998333,0.003267,0.0,0.0,20,2.86,O(k + deg),2.1364,0.0,,
V0,D2_CNN,T_max,0.7,1.0,0.0,0.0,0.0,6,0.86,O(k),2.1364,0.0,,
V0,D2_CNN,T_median,0.7,1.0,0.0,0.0,0.0,16,2.29,O(k log k),2.1364,0.0,,
V0,D2_CNN,T4_EigenTrust,0.7,0.56,0.060274,0.0,0.0,11400,1628.57,O(iters * E),2.1364,0.0,,
V0,D2_CNN,T_meanvar_z,0.7,1.0,0.0,0.0,0.0,18,2.57,O(k),2.1364,0.0,,
V0T,D2_CNN,T1_mean,0.7,1.0,0.0,0.0,0.0,7,1.0,O(k),2.1364,0.0,,
V0T,D2_CNN,T2_SL,0.7,1.0,0.0,0.0,0.0,20,2.86,O(k),2.1364,0.0,,
V0T,D2_CNN,T3_Beta,0.7,1.0,0.0,0.0,0.0,20,2.86,O(k),2.1364,0.0,,
V0T,D2_CNN,T5_TFLDT,0.7,0.998333,0.003267,0.0,0.0,20,2.86,O(k + deg),2.1364,0.0,,
V0T,D2_CNN,T_max,0.7,1.0,0.0,0.0,0.0,6,0.86,O(k),2.1364,0.0,,
V0T,D2_CNN,T_median,0.7,1.0,0.0,0.0,0.0,16,2.29,O(k log k),2.1364,0.0,,
V0T,D2_CNN,T4_EigenTrust,0.7,0.56,0.060274,0.0,0.0,11400,1628.57,O(iters * E),2.1364,0.0,,
V0T,D2_CNN,T_meanvar_z,0.7,1.0,0.0,0.0,0.0,18,2.57,O(k),2.1364,0.0,,
V1,D2_CNN,T1_mean,0.7,0.991667,0.007155,0.0,0.0,7,1.0,O(k),2.1364,,0.3,0.1057
V1,D2_CNN,T2_SL,0.7,0.991667,0.007155,0.0,0.0,20,2.86,O(k),2.1364,,0.3,0.1057
V1,D2_CNN,T3_Beta,0.7,0.991667,0.007155,0.0,0.0,20,2.86,O(k),2.1364,,0.3,0.1057
V1,D2_CNN,T5_TFLDT,0.7,0.988333,0.009577,0.0,0.0,20,2.86,O(k + deg),2.1364,,0.3,0.1057
V1,D2_CNN,T_max,0.7,0.99,0.007797,0.0,0.0,6,0.86,O(k),2.1364,,0.3,0.1057
V1,D2_CNN,T_median,0.7,0.97,0.015663,0.0,0.0,16,2.29,O(k log k),2.1364,,0.3,0.1057
V1,D2_CNN,T4_EigenTrust,0.7,0.575,0.055206,0.0,0.0,11400,1628.57,O(iters * E),2.1364,,0.3,0.1057
V1,D2_CNN,T_meanvar_z,0.7,0.991667,0.007155,0.0,0.0,18,2.57,O(k),2.1364,,0.3,0.1057
V1T,D2_CNN,T1_mean,0.7,1.0,0.0,0.0,0.0,7,1.0,O(k),2.1364,,0.3,0.6041
V1T,D2_CNN,T2_SL,0.7,1.0,0.0,0.0,0.0,20,2.86,O(k),2.1364,,0.3,0.6041
V1T,D2_CNN,T3_Beta,0.7,1.0,0.0,0.0,0.0,20,2.86,O(k),2.1364,,0.3,0.6041
V1T,D2_CNN,T5_TFLDT,0.7,1.0,0.0,0.0,0.0,20,2.86,O(k + deg),2.1364,,0.3,0.6041
V1T,D2_CNN,T_max,0.7,0.998333,0.003267,0.0,0.0,6,0.86,O(k),2.1364,,0.3,0.6041
V1T,D2_CNN,T_median,0.7,1.0,0.0,0.0,0.0,16,2.29,O(k log k),2.1364,,0.3,0.6041
V1T,D2_CNN,T4_EigenTrust,0.7,0.736667,0.054972,0.0,0.0,11400,1628.57,O(iters * E),2.1364,,0.3,0.6041
V1T,D2_CNN,T_meanvar_z,0.7,1.0,0.0,0.0,0.0,18,2.57,O(k),2.1364,,0.3,0.6041
V0,D2_CNN,T1_mean,0.8,1.0,0.0,0.0,0.0,7,1.0,O(k),2.1364,0.0,,
V0,D2_CNN,T2_SL,0.8,1.0,0.0,0.0,0.0,20,2.86,O(k),2.1364,0.0,,
V0,D2_CNN,T3_Beta,0.8,1.0,0.0,0.0,0.0,20,2.86,O(k),2.1364,0.0,,
V0,D2_CNN,T5_TFLDT,0.8,1.0,0.0,0.0,0.0,20,2.86,O(k + deg),2.1364,0.0,,
V0,D2_CNN,T_max,0.8,1.0,0.0,0.0,0.0,6,0.86,O(k),2.1364,0.0,,
V0,D2_CNN,T_median,0.8,1.0,0.0,0.0,0.0,16,2.29,O(k log k),2.1364,0.0,,
V0,D2_CNN,T4_EigenTrust,0.8,0.641667,0.061487,0.0,0.0,11400,1628.57,O(iters * E),2.1364,0.0,,
V0,D2_CNN,T_meanvar_z,0.8,1.0,0.0,0.0,0.0,18,2.57,O(k),2.1364,0.0,,
V0T,D2_CNN,T1_mean,0.8,1.0,0.0,0.0,0.0,7,1.0,O(k),2.1364,0.0,,
V0T,D2_CNN,T2_SL,0.8,1.0,0.0,0.0,0.0,20,2.86,O(k),2.1364,0.0,,
V0T,D2_CNN,T3_Beta,0.8,1.0,0.0,0.0,0.0,20,2.86,O(k),2.1364,0.0,,
V0T,D2_CNN,T5_TFLDT,0.8,1.0,0.0,0.0,0.0,20,2.86,O(k + deg),2.1364,0.0,,
V0T,D2_CNN,T_max,0.8,1.0,0.0,0.0,0.0,6,0.86,O(k),2.1364,0.0,,
V0T,D2_CNN,T_median,0.8,1.0,0.0,0.0,0.0,16,2.29,O(k log k),2.1364,0.0,,
V0T,D2_CNN,T4_EigenTrust,0.8,0.641667,0.061487,0.0,0.0,11400,1628.57,O(iters * E),2.1364,0.0,,
V0T,D2_CNN,T_meanvar_z,0.8,1.0,0.0,0.0,0.0,18,2.57,O(k),2.1364,0.0,,
V1,D2_CNN,T1_mean,0.8,0.996667,0.004596,0.0,0.0,7,1.0,O(k),2.1364,,0.161,0.0
V1,D2_CNN,T2_SL,0.8,0.996667,0.004596,0.0,0.0,20,2.86,O(k),2.1364,,0.161,0.0
V1,D2_CNN,T3_Beta,0.8,0.996667,0.004596,0.0,0.0,20,2.86,O(k),2.1364,,0.161,0.0
V1,D2_CNN,T5_TFLDT,0.8,0.986667,0.010044,0.0,0.0,20,2.86,O(k + deg),2.1364,,0.161,0.0
V1,D2_CNN,T_max,0.8,0.996667,0.004596,0.0,0.0,6,0.86,O(k),2.1364,,0.161,0.0
V1,D2_CNN,T_median,0.8,0.973333,0.015202,0.0,0.0,16,2.29,O(k log k),2.1364,,0.161,0.0
V1,D2_CNN,T4_EigenTrust,0.8,0.671667,0.054038,0.0,0.0,11400,1628.57,O(iters * E),2.1364,,0.161,0.0
V1,D2_CNN,T_meanvar_z,0.8,0.996667,0.004596,0.0,0.0,18,2.57,O(k),2.1364,,0.161,0.0
V1T,D2_CNN,T1_mean,0.8,1.0,0.0,0.0,0.0,7,1.0,O(k),2.1364,,0.2,0.5494
V1T,D2_CNN,T2_SL,0.8,1.0,0.0,0.0,0.0,20,2.86,O(k),2.1364,,0.2,0.5494
V1T,D2_CNN,T3_Beta,0.8,1.0,0.0,0.0,0.0,20,2.86,O(k),2.1364,,0.2,0.5494
V1T,D2_CNN,T5_TFLDT,0.8,1.0,0.0,0.0,0.0,20,2.86,O(k + deg),2.1364,,0.2,0.5494
V1T,D2_CNN,T_max,0.8,0.998333,0.003267,0.0,0.0,6,0.86,O(k),2.1364,,0.2,0.5494
V1T,D2_CNN,T_median,0.8,1.0,0.0,0.0,0.0,16,2.29,O(k log k),2.1364,,0.2,0.5494
V1T,D2_CNN,T4_EigenTrust,0.8,0.78,0.051259,0.0,0.0,11400,1628.57,O(iters * E),2.1364,,0.2,0.5494
V1T,D2_CNN,T_meanvar_z,0.8,1.0,0.0,0.0,0.0,18,2.57,O(k),2.1364,,0.2,0.5494
V0,D2_CNN,T1_mean,0.9,1.0,0.0,0.0,0.0,7,1.0,O(k),2.1364,0.0,,
V0,D2_CNN,T2_SL,0.9,1.0,0.0,0.0,0.0,20,2.86,O(k),2.1364,0.0,,
V0,D2_CNN,T3_Beta,0.9,1.0,0.0,0.0,0.0,20,2.86,O(k),2.1364,0.0,,
V0,D2_CNN,T5_TFLDT,0.9,1.0,0.0,0.0,0.0,20,2.86,O(k + deg),2.1364,0.0,,
V0,D2_CNN,T_max,0.9,1.0,0.0,0.0,0.0,6,0.86,O(k),2.1364,0.0,,
V0,D2_CNN,T_median,0.9,1.0,0.0,0.0,0.0,16,2.29,O(k log k),2.1364,0.0,,
V0,D2_CNN,T4_EigenTrust,0.9,0.725,0.051989,0.0,0.0,11400,1628.57,O(iters * E),2.1364,0.0,,
V0,D2_CNN,T_meanvar_z,0.9,1.0,0.0,0.0,0.0,18,2.57,O(k),2.1364,0.0,,
V0T,D2_CNN,T1_mean,0.9,1.0,0.0,0.0,0.0,7,1.0,O(k),2.1364,0.0,,
V0T,D2_CNN,T2_SL,0.9,1.0,0.0,0.0,0.0,20,2.86,O(k),2.1364,0.0,,
V0T,D2_CNN,T3_Beta,0.9,1.0,0.0,0.0,0.0,20,2.86,O(k),2.1364,0.0,,
V0T,D2_CNN,T5_TFLDT,0.9,1.0,0.0,0.0,0.0,20,2.86,O(k + deg),2.1364,0.0,,
V0T,D2_CNN,T_max,0.9,1.0,0.0,0.0,0.0,6,0.86,O(k),2.1364,0.0,,
V0T,D2_CNN,T_median,0.9,1.0,0.0,0.0,0.0,16,2.29,O(k log k),2.1364,0.0,,
V0T,D2_CNN,T4_EigenTrust,0.9,0.725,0.051989,0.0,0.0,11400,1628.57,O(iters * E),2.1364,0.0,,
V0T,D2_CNN,T_meanvar_z,0.9,1.0,0.0,0.0,0.0,18,2.57,O(k),2.1364,0.0,,
V1,D2_CNN,T1_mean,0.9,1.0,0.0,0.0,0.0,7,1.0,O(k),2.1364,,0.0805,0.0
V1,D2_CNN,T2_SL,0.9,1.0,0.0,0.0,0.0,20,2.86,O(k),2.1364,,0.0805,0.0
V1,D2_CNN,T3_Beta,0.9,1.0,0.0,0.0,0.0,20,2.86,O(k),2.1364,,0.0805,0.0
V1,D2_CNN,T5_TFLDT,0.9,1.0,0.0,0.0,0.0,20,2.86,O(k + deg),2.1364,,0.0805,0.0
V1,D2_CNN,T_max,0.9,1.0,0.0,0.0,0.0,6,0.86,O(k),2.1364,,0.0805,0.0
V1,D2_CNN,T_median,0.9,0.998333,0.003267,0.0,0.0,16,2.29,O(k log k),2.1364,,0.0805,0.0
V1,D2_CNN,T4_EigenTrust,0.9,0.783333,0.046081,0.0,0.0,11400,1628.57,O(iters * E),2.1364,,0.0805,0.0
V1,D2_CNN,T_meanvar_z,0.9,1.0,0.0,0.0,0.0,18,2.57,O(k),2.1364,,0.0805,0.0
V1T,D2_CNN,T1_mean,0.9,1.0,0.0,0.0,0.0,7,1.0,O(k),2.1364,,0.1,0.4058
V1T,D2_CNN,T2_SL,0.9,1.0,0.0,0.0,0.0,20,2.86,O(k),2.1364,,0.1,0.4058
V1T,D2_CNN,T3_Beta,0.9,1.0,0.0,0.0,0.0,20,2.86,O(k),2.1364,,0.1,0.4058
V1T,D2_CNN,T5_TFLDT,0.9,1.0,0.0,0.0,0.0,20,2.86,O(k + deg),2.1364,,0.1,0.4058
V1T,D2_CNN,T_max,0.9,1.0,0.0,0.0,0.0,6,0.86,O(k),2.1364,,0.1,0.4058
V1T,D2_CNN,T_median,0.9,1.0,0.0,0.0,0.0,16,2.29,O(k log k),2.1364,,0.1,0.4058
V1T,D2_CNN,T4_EigenTrust,0.9,0.823333,0.044248,0.0,0.0,11400,1628.57,O(iters * E),2.1364,,0.1,0.4058
V1T,D2_CNN,T_meanvar_z,0.9,1.0,0.0,0.0,0.0,18,2.57,O(k),2.1364,,0.1,0.4058
V0,D2_CNN,T1_mean,1.0,1.0,0.0,0.0,0.0,7,1.0,O(k),2.1364,0.0,,
V0,D2_CNN,T2_SL,1.0,1.0,0.0,0.0,0.0,20,2.86,O(k),2.1364,0.0,,
V0,D2_CNN,T3_Beta,1.0,1.0,0.0,0.0,0.0,20,2.86,O(k),2.1364,0.0,,
V0,D2_CNN,T5_TFLDT,1.0,1.0,0.0,0.0,0.0,20,2.86,O(k + deg),2.1364,0.0,,
V0,D2_CNN,T_max,1.0,1.0,0.0,0.0,0.0,6,0.86,O(k),2.1364,0.0,,
V0,D2_CNN,T_median,1.0,1.0,0.0,0.0,0.0,16,2.29,O(k log k),2.1364,0.0,,
V0,D2_CNN,T4_EigenTrust,1.0,0.886667,0.037971,0.0,0.0,11400,1628.57,O(iters * E),2.1364,0.0,,
V0,D2_CNN,T_meanvar_z,1.0,1.0,0.0,0.0,0.0,18,2.57,O(k),2.1364,0.0,,
V0T,D2_CNN,T1_mean,1.0,1.0,0.0,0.0,0.0,7,1.0,O(k),2.1364,0.0,,
V0T,D2_CNN,T2_SL,1.0,1.0,0.0,0.0,0.0,20,2.86,O(k),2.1364,0.0,,
V0T,D2_CNN,T3_Beta,1.0,1.0,0.0,0.0,0.0,20,2.86,O(k),2.1364,0.0,,
V0T,D2_CNN,T5_TFLDT,1.0,1.0,0.0,0.0,0.0,20,2.86,O(k + deg),2.1364,0.0,,
V0T,D2_CNN,T_max,1.0,1.0,0.0,0.0,0.0,6,0.86,O(k),2.1364,0.0,,
V0T,D2_CNN,T_median,1.0,1.0,0.0,0.0,0.0,16,2.29,O(k log k),2.1364,0.0,,
V0T,D2_CNN,T4_EigenTrust,1.0,0.886667,0.037971,0.0,0.0,11400,1628.57,O(iters * E),2.1364,0.0,,
V0T,D2_CNN,T_meanvar_z,1.0,1.0,0.0,0.0,0.0,18,2.57,O(k),2.1364,0.0,,
V1,D2_CNN,T1_mean,1.0,1.0,0.0,0.0,0.0,7,1.0,O(k),2.1364,,0.0,0.2698
V1,D2_CNN,T2_SL,1.0,1.0,0.0,0.0,0.0,20,2.86,O(k),2.1364,,0.0,0.2698
V1,D2_CNN,T3_Beta,1.0,1.0,0.0,0.0,0.0,20,2.86,O(k),2.1364,,0.0,0.2698
V1,D2_CNN,T5_TFLDT,1.0,1.0,0.0,0.0,0.0,20,2.86,O(k + deg),2.1364,,0.0,0.2698
V1,D2_CNN,T_max,1.0,1.0,0.0,0.0,0.0,6,0.86,O(k),2.1364,,0.0,0.2698
V1,D2_CNN,T_median,1.0,1.0,0.0,0.0,0.0,16,2.29,O(k log k),2.1364,,0.0,0.2698
V1,D2_CNN,T4_EigenTrust,1.0,0.895,0.036161,0.0,0.0,11400,1628.57,O(iters * E),2.1364,,0.0,0.2698
V1,D2_CNN,T_meanvar_z,1.0,1.0,0.0,0.0,0.0,18,2.57,O(k),2.1364,,0.0,0.2698
V1T,D2_CNN,T1_mean,1.0,1.0,0.0,0.0,0.0,7,1.0,O(k),2.1364,,0.0,0.2698
V1T,D2_CNN,T2_SL,1.0,1.0,0.0,0.0,0.0,20,2.86,O(k),2.1364,,0.0,0.2698
V1T,D2_CNN,T3_Beta,1.0,1.0,0.0,0.0,0.0,20,2.86,O(k),2.1364,,0.0,0.2698
V1T,D2_CNN,T5_TFLDT,1.0,1.0,0.0,0.0,0.0,20,2.86,O(k + deg),2.1364,,0.0,0.2698
V1T,D2_CNN,T_max,1.0,1.0,0.0,0.0,0.0,6,0.86,O(k),2.1364,,0.0,0.2698
V1T,D2_CNN,T_median,1.0,1.0,0.0,0.0,0.0,16,2.29,O(k log k),2.1364,,0.0,0.2698
V1T,D2_CNN,T4_EigenTrust,1.0,0.895,0.036161,0.0,0.0,11400,1628.57,O(iters * E),2.1364,,0.0,0.2698
V1T,D2_CNN,T_meanvar_z,1.0,1.0,0.0,0.0,0.0,18,2.57,O(k),2.1364,,0.0,0.2698
V0,D3_RHMD,T1_mean,0.1,0.106667,0.032007,0.49,0.04,7,1.0,O(k),2.0832,0.15,,
V0,D3_RHMD,T2_SL,0.1,0.106667,0.032007,0.49,0.04,20,2.86,O(k),2.0832,0.15,,
V0,D3_RHMD,T3_Beta,0.1,0.106667,0.032007,0.49,0.04,20,2.86,O(k),2.0832,0.15,,
V0,D3_RHMD,T5_TFLDT,0.1,0.103333,0.033086,0.52,0.04,20,2.86,O(k + deg),2.0832,0.15,,
V0,D3_RHMD,T_max,0.1,0.516333,0.044326,0.06,0.04,6,0.86,O(k),2.0832,0.15,,
V0,D3_RHMD,T_median,0.1,0.038333,0.017282,0.87,0.04,16,2.29,O(k log k),2.0832,0.15,,
V0,D3_RHMD,T4_EigenTrust,0.1,0.066667,0.022267,0.42,0.04,11400,1628.57,O(iters * E),2.0832,0.15,,
V0,D3_RHMD,T_meanvar_z,0.1,0.486333,0.043626,0.03,0.04,18,2.57,O(k),2.0832,0.15,,
V0T,D3_RHMD,T1_mean,0.1,0.106667,0.032007,0.49,0.04,7,1.0,O(k),2.0832,0.15,,
V0T,D3_RHMD,T2_SL,0.1,0.106667,0.032007,0.49,0.04,20,2.86,O(k),2.0832,0.15,,
V0T,D3_RHMD,T3_Beta,0.1,0.106667,0.032007,0.49,0.04,20,2.86,O(k),2.0832,0.15,,
V0T,D3_RHMD,T5_TFLDT,0.1,0.103333,0.033086,0.52,0.04,20,2.86,O(k + deg),2.0832,0.15,,
V0T,D3_RHMD,T_max,0.1,0.516333,0.044326,0.06,0.04,6,0.86,O(k),2.0832,0.15,,
V0T,D3_RHMD,T_median,0.1,0.038333,0.017282,0.87,0.04,16,2.29,O(k log k),2.0832,0.15,,
V0T,D3_RHMD,T4_EigenTrust,0.1,0.066667,0.022267,0.42,0.04,11400,1628.57,O(iters * E),2.0832,0.15,,
V0T,D3_RHMD,T_meanvar_z,0.1,0.486333,0.043626,0.03,0.04,18,2.57,O(k),2.0832,0.15,,
V1,D3_RHMD,T1_mean,0.1,0.554667,0.04886,0.0,0.11,7,1.0,O(k),2.0832,,0.9,0.2762
V1,D3_RHMD,T2_SL,0.1,0.554667,0.04886,0.0,0.11,20,2.86,O(k),2.0832,,0.9,0.2762
V1,D3_RHMD,T3_Beta,0.1,0.554667,0.04886,0.0,0.11,20,2.86,O(k),2.0832,,0.9,0.2762
V1,D3_RHMD,T5_TFLDT,0.1,0.563,0.051174,0.0,0.11,20,2.86,O(k + deg),2.0832,,0.9,0.2762
V1,D3_RHMD,T_max,0.1,0.529667,0.044784,0.0,0.11,6,0.86,O(k),2.0832,,0.9,0.2762
V1,D3_RHMD,T_median,0.1,0.402333,0.04892,0.0,0.11,16,2.29,O(k log k),2.0832,,0.9,0.2762
V1,D3_RHMD,T4_EigenTrust,0.1,0.128333,0.0347,0.18,0.11,11400,1628.57,O(iters * E),2.0832,,0.9,0.2762
V1,D3_RHMD,T_meanvar_z,0.1,0.579667,0.046707,0.0,0.11,18,2.57,O(k),2.0832,,0.9,0.2762
V1T,D3_RHMD,T1_mean,0.1,0.509667,0.049236,0.0,0.07,7,1.0,O(k),2.0832,,0.9,0.2624
V1T,D3_RHMD,T2_SL,0.1,0.509667,0.049236,0.0,0.07,20,2.86,O(k),2.0832,,0.9,0.2624
V1T,D3_RHMD,T3_Beta,0.1,0.509667,0.049236,0.0,0.07,20,2.86,O(k),2.0832,,0.9,0.2624
V1T,D3_RHMD,T5_TFLDT,0.1,0.509667,0.049017,0.0,0.07,20,2.86,O(k + deg),2.0832,,0.9,0.2624
V1T,D3_RHMD,T_max,0.1,0.509667,0.043171,0.0,0.07,6,0.86,O(k),2.0832,,0.9,0.2624
V1T,D3_RHMD,T_median,0.1,0.347,0.047686,0.0,0.07,16,2.29,O(k log k),2.0832,,0.9,0.2624
V1T,D3_RHMD,T4_EigenTrust,0.1,0.125,0.033921,0.2,0.07,11400,1628.57,O(iters * E),2.0832,,0.9,0.2624
V1T,D3_RHMD,T_meanvar_z,0.1,0.543,0.047416,0.0,0.07,18,2.57,O(k),2.0832,,0.9,0.2624
V0,D3_RHMD,T1_mean,0.2,0.425333,0.049809,0.01,0.02,7,1.0,O(k),2.0832,0.15,,
V0,D3_RHMD,T2_SL,0.2,0.425333,0.049809,0.01,0.02,20,2.86,O(k),2.0832,0.15,,
V0,D3_RHMD,T3_Beta,0.2,0.425333,0.049809,0.01,0.02,20,2.86,O(k),2.0832,0.15,,
V0,D3_RHMD,T5_TFLDT,0.2,0.418667,0.051329,0.0,0.02,20,2.86,O(k + deg),2.0832,0.15,,
V0,D3_RHMD,T_max,0.2,0.943333,0.018699,0.0,0.02,6,0.86,O(k),2.0832,0.15,,
V0,D3_RHMD,T_median,0.2,0.091667,0.026823,0.58,0.02,16,2.29,O(k log k),2.0832,0.15,,
V0,D3_RHMD,T4_EigenTrust,0.2,0.13,0.035839,0.24,0.02,11400,1628.57,O(iters * E),2.0832,0.15,,
V0,D3_RHMD,T_meanvar_z,0.2,0.916667,0.021529,0.0,0.02,18,2.57,O(k),2.0832,0.15,,
V0T,D3_RHMD,T1_mean,0.2,0.425333,0.049809,0.01,0.02,7,1.0,O(k),2.0832,0.15,,
V0T,D3_RHMD,T2_SL,0.2,0.425333,0.049809,0.01,0.02,20,2.86,O(k),2.0832,0.15,,
V0T,D3_RHMD,T3_Beta,0.2,0.425333,0.049809,0.01,0.02,20,2.86,O(k),2.0832,0.15,,
V0T,D3_RHMD,T5_TFLDT,0.2,0.418667,0.051329,0.0,0.02,20,2.86,O(k + deg),2.0832,0.15,,
V0T,D3_RHMD,T_max,0.2,0.943333,0.018699,0.0,0.02,6,0.86,O(k),2.0832,0.15,,
V0T,D3_RHMD,T_median,0.2,0.091667,0.026823,0.58,0.02,16,2.29,O(k log k),2.0832,0.15,,
V0T,D3_RHMD,T4_EigenTrust,0.2,0.13,0.035839,0.24,0.02,11400,1628.57,O(iters * E),2.0832,0.15,,
V0T,D3_RHMD,T_meanvar_z,0.2,0.916667,0.021529,0.0,0.02,18,2.57,O(k),2.0832,0.15,,
V1,D3_RHMD,T1_mean,0.2,0.795,0.039902,0.0,0.15,7,1.0,O(k),2.0832,,0.8,0.3056
V1,D3_RHMD,T2_SL,0.2,0.795,0.039902,0.0,0.15,20,2.86,O(k),2.0832,,0.8,0.3056
V1,D3_RHMD,T3_Beta,0.2,0.795,0.039902,0.0,0.15,20,2.86,O(k),2.0832,,0.8,0.3056
V1,D3_RHMD,T5_TFLDT,0.2,0.765,0.039423,0.0,0.15,20,2.86,O(k + deg),2.0832,,0.8,0.3056
V1,D3_RHMD,T_max,0.2,0.746667,0.038422,0.0,0.15,6,0.86,O(k),2.0832,,0.8,0.3056
V1,D3_RHMD,T_median,0.2,0.636667,0.045107,0.0,0.15,16,2.29,O(k log k),2.0832,,0.8,0.3056
V1,D3_RHMD,T4_EigenTrust,0.2,0.17,0.039665,0.12,0.15,11400,1628.57,O(iters * E),2.0832,,0.8,0.3056
V1,D3_RHMD,T_meanvar_z,0.2,0.795,0.03622,0.0,0.15,18,2.57,O(k),2.0832,,0.8,0.3056
V1T,D3_RHMD,T1_mean,0.2,0.756667,0.041637,0.0,0.11,7,1.0,O(k),2.0832,,0.8,0.2898
V1T,D3_RHMD,T2_SL,0.2,0.756667,0.041637,0.0,0.11,20,2.86,O(k),2.0832,,0.8,0.2898
V1T,D3_RHMD,T3_Beta,0.2,0.756667,0.041637,0.0,0.11,20,2.86,O(k),2.0832,,0.8,0.2898
V1T,D3_RHMD,T5_TFLDT,0.2,0.723333,0.041326,0.0,0.11,20,2.86,O(k + deg),2.0832,,0.8,0.2898
V1T,D3_RHMD,T_max,0.2,0.726667,0.038152,0.0,0.11,6,0.86,O(k),2.0832,,0.8,0.2898
V1T,D3_RHMD,T_median,0.2,0.575,0.049656,0.0,0.11,16,2.29,O(k log k),2.0832,,0.8,0.2898
V1T,D3_RHMD,T4_EigenTrust,0.2,0.165,0.039259,0.13,0.11,11400,1628.57,O(iters * E),2.0832,,0.8,0.2898
V1T,D3_RHMD,T_meanvar_z,0.2,0.763333,0.039172,0.0,0.11,18,2.57,O(k),2.0832,,0.8,0.2898
V0,D3_RHMD,T1_mean,0.3,0.866667,0.036263,0.0,0.02,7,1.0,O(k),2.0832,0.2,,
V0,D3_RHMD,T2_SL,0.3,0.866667,0.036263,0.0,0.02,20,2.86,O(k),2.0832,0.2,,
V0,D3_RHMD,T3_Beta,0.3,0.866667,0.036263,0.0,0.02,20,2.86,O(k),2.0832,0.2,,
V0,D3_RHMD,T5_TFLDT,0.3,0.835,0.037288,0.0,0.02,20,2.86,O(k + deg),2.0832,0.2,,
V0,D3_RHMD,T_max,0.3,0.988333,0.009577,0.0,0.02,6,0.86,O(k),2.0832,0.2,,
V0,D3_RHMD,T_median,0.3,0.316667,0.045135,0.03,0.02,16,2.29,O(k log k),2.0832,0.2,,
V0,D3_RHMD,T4_EigenTrust,0.3,0.166667,0.041787,0.12,0.02,11400,1628.57,O(iters * E),2.0832,0.2,,
V0,D3_RHMD,T_meanvar_z,0.3,0.978333,0.011041,0.0,0.02,18,2.57,O(k),2.0832,0.2,,
V0T,D3_RHMD,T1_mean,0.3,0.866667,0.036263,0.0,0.02,7,1.0,O(k),2.0832,0.2,,
V0T,D3_RHMD,T2_SL,0.3,0.866667,0.036263,0.0,0.02,20,2.86,O(k),2.0832,0.2,,
V0T,D3_RHMD,T3_Beta,0.3,0.866667,0.036263,0.0,0.02,20,2.86,O(k),2.0832,0.2,,
V0T,D3_RHMD,T5_TFLDT,0.3,0.835,0.037288,0.0,0.02,20,2.86,O(k + deg),2.0832,0.2,,
V0T,D3_RHMD,T_max,0.3,0.988333,0.009577,0.0,0.02,6,0.86,O(k),2.0832,0.2,,
V0T,D3_RHMD,T_median,0.3,0.316667,0.045135,0.03,0.02,16,2.29,O(k log k),2.0832,0.2,,
V0T,D3_RHMD,T4_EigenTrust,0.3,0.166667,0.041787,0.12,0.02,11400,1628.57,O(iters * E),2.0832,0.2,,
V0T,D3_RHMD,T_meanvar_z,0.3,0.978333,0.011041,0.0,0.02,18,2.57,O(k),2.0832,0.2,,
V1,D3_RHMD,T1_mean,0.3,0.88,0.031858,0.0,0.13,7,1.0,O(k),2.0832,,0.7,0.3127
V1,D3_RHMD,T2_SL,0.3,0.88,0.031858,0.0,0.13,20,2.86,O(k),2.0832,,0.7,0.3127
V1,D3_RHMD,T3_Beta,0.3,0.88,0.031858,0.0,0.13,20,2.86,O(k),2.0832,,0.7,0.3127
V1,D3_RHMD,T5_TFLDT,0.3,0.86,0.034968,0.0,0.13,20,2.86,O(k + deg),2.0832,,0.7,0.3127
V1,D3_RHMD,T_max,0.3,0.85,0.030973,0.0,0.13,6,0.86,O(k),2.0832,,0.7,0.3127
V1,D3_RHMD,T_median,0.3,0.766667,0.03772,0.0,0.13,16,2.29,O(k log k),2.0832,,0.7,0.3127
V1,D3_RHMD,T4_EigenTrust,0.3,0.208333,0.045817,0.04,0.13,11400,1628.57,O(iters * E),2.0832,,0.7,0.3127
V1,D3_RHMD,T_meanvar_z,0.3,0.878333,0.029312,0.0,0.13,18,2.57,O(k),2.0832,,0.7,0.3127
V1T,D3_RHMD,T1_mean,0.3,0.988333,0.011612,0.0,0.2,7,1.0,O(k),2.0832,,0.7,0.4834
V1T,D3_RHMD,T2_SL,0.3,0.988333,0.011612,0.0,0.2,20,2.86,O(k),2.0832,,0.7,0.4834
V1T,D3_RHMD,T3_Beta,0.3,0.988333,0.011612,0.0,0.2,20,2.86,O(k),2.0832,,0.7,0.4834
V1T,D3_RHMD,T5_TFLDT,0.3,0.98,0.018149,0.0,0.2,20,2.86,O(k + deg),2.0832,,0.7,0.4834
V1T,D3_RHMD,T_max,0.3,0.953333,0.016137,0.0,0.2,6,0.86,O(k),2.0832,,0.7,0.4834
V1T,D3_RHMD,T_median,0.3,0.97,0.019357,0.0,0.2,16,2.29,O(k log k),2.0832,,0.7,0.4834
V1T,D3_RHMD,T4_EigenTrust,0.3,0.306667,0.056048,0.01,0.2,11400,1628.57,O(iters * E),2.0832,,0.7,0.4834
V1T,D3_RHMD,T_meanvar_z,0.3,0.978333,0.012846,0.0,0.2,18,2.57,O(k),2.0832,,0.7,0.4834
V0,D3_RHMD,T1_mean,0.4,0.916667,0.028051,0.0,0.03,7,1.0,O(k),2.0832,0.15,,
V0,D3_RHMD,T2_SL,0.4,0.916667,0.028051,0.0,0.03,20,2.86,O(k),2.0832,0.15,,
V0,D3_RHMD,T3_Beta,0.4,0.916667,0.028051,0.0,0.03,20,2.86,O(k),2.0832,0.15,,
V0,D3_RHMD,T5_TFLDT,0.4,0.9,0.033481,0.0,0.03,20,2.86,O(k + deg),2.0832,0.15,,
V0,D3_RHMD,T_max,0.4,0.988333,0.009577,0.0,0.03,6,0.86,O(k),2.0832,0.15,,
V0,D3_RHMD,T_median,0.4,0.427333,0.050045,0.06,0.03,16,2.29,O(k log k),2.0832,0.15,,
V0,D3_RHMD,T4_EigenTrust,0.4,0.193333,0.046365,0.05,0.03,11400,1628.57,O(iters * E),2.0832,0.15,,
V0,D3_RHMD,T_meanvar_z,0.4,0.988333,0.008377,0.0,0.03,18,2.57,O(k),2.0832,0.15,,
V0T,D3_RHMD,T1_mean,0.4,0.916667,0.028051,0.0,0.03,7,1.0,O(k),2.0832,0.15,,
V0T,D3_RHMD,T2_SL,0.4,0.916667,0.028051,0.0,0.03,20,2.86,O(k),2.0832,0.15,,
V0T,D3_RHMD,T3_Beta,0.4,0.916667,0.028051,0.0,0.03,20,2.86,O(k),2.0832,0.15,,
V0T,D3_RHMD,T5_TFLDT,0.4,0.9,0.033481,0.0,0.03,20,2.86,O(k + deg),2.0832,0.15,,
V0T,D3_RHMD,T_max,0.4,0.988333,0.009577,0.0,0.03,6,0.86,O(k),2.0832,0.15,,
V0T,D3_RHMD,T_median,0.4,0.427333,0.050045,0.06,0.03,16,2.29,O(k log k),2.0832,0.15,,
V0T,D3_RHMD,T4_EigenTrust,0.4,0.193333,0.046365,0.05,0.03,11400,1628.57,O(iters * E),2.0832,0.15,,
V0T,D3_RHMD,T_meanvar_z,0.4,0.988333,0.008377,0.0,0.03,18,2.57,O(k),2.0832,0.15,,
V1,D3_RHMD,T1_mean,0.4,0.93,0.026339,0.0,0.14,7,1.0,O(k),2.0832,,0.6,0.3039
V1,D3_RHMD,T2_SL,0.4,0.93,0.026339,0.0,0.14,20,2.86,O(k),2.0832,,0.6,0.3039
V1,D3_RHMD,T3_Beta,0.4,0.93,0.026339,0.0,0.14,20,2.86,O(k),2.0832,,0.6,0.3039
V1,D3_RHMD,T5_TFLDT,0.4,0.915,0.026057,0.0,0.14,20,2.86,O(k + deg),2.0832,,0.6,0.3039
V1,D3_RHMD,T_max,0.4,0.921667,0.022961,0.0,0.14,6,0.86,O(k),2.0832,,0.6,0.3039
V1,D3_RHMD,T_median,0.4,0.821667,0.031917,0.0,0.14,16,2.29,O(k log k),2.0832,,0.6,0.3039
V1,D3_RHMD,T4_EigenTrust,0.4,0.261667,0.048531,0.03,0.14,11400,1628.57,O(iters * E),2.0832,,0.6,0.3039
V1,D3_RHMD,T_meanvar_z,0.4,0.933333,0.023215,0.0,0.14,18,2.57,O(k),2.0832,,0.6,0.3039
V1T,D3_RHMD,T1_mean,0.4,0.995,0.007275,0.0,0.17,7,1.0,O(k),2.0832,,0.6,0.5235
V1T,D3_RHMD,T2_SL,0.4,0.995,0.007275,0.0,0.17,20,2.86,O(k),2.0832,,0.6,0.5235
V1T,D3_RHMD,T3_Beta,0.4,0.995,0.007275,0.0,0.17,20,2.86,O(k),2.0832,,0.6,0.5235
V1T,D3_RHMD,T5_TFLDT,0.4,0.991667,0.013437,0.0,0.17,20,2.86,O(k + deg),2.0832,,0.6,0.5235
V1T,D3_RHMD,T_max,0.4,0.983333,0.009849,0.0,0.17,6,0.86,O(k),2.0832,,0.6,0.5235
V1T,D3_RHMD,T_median,0.4,0.986667,0.012,0.0,0.17,16,2.29,O(k log k),2.0832,,0.6,0.5235
V1T,D3_RHMD,T4_EigenTrust,0.4,0.393333,0.060095,0.0,0.17,11400,1628.57,O(iters * E),2.0832,,0.6,0.5235
V1T,D3_RHMD,T_meanvar_z,0.4,0.993333,0.006434,0.0,0.17,18,2.57,O(k),2.0832,,0.6,0.5235
V0,D3_RHMD,T1_mean,0.5,0.986667,0.010044,0.0,0.03,7,1.0,O(k),2.0832,0.2,,
V0,D3_RHMD,T2_SL,0.5,0.986667,0.010044,0.0,0.03,20,2.86,O(k),2.0832,0.2,,
V0,D3_RHMD,T3_Beta,0.5,0.986667,0.010044,0.0,0.03,20,2.86,O(k),2.0832,0.2,,
V0,D3_RHMD,T5_TFLDT,0.5,0.968333,0.020605,0.0,0.03,20,2.86,O(k + deg),2.0832,0.2,,
V0,D3_RHMD,T_max,0.5,0.99,0.007797,0.0,0.03,6,0.86,O(k),2.0832,0.2,,
V0,D3_RHMD,T_median,0.5,0.871667,0.028567,0.0,0.03,16,2.29,O(k log k),2.0832,0.2,,
V0,D3_RHMD,T4_EigenTrust,0.5,0.263333,0.04983,0.01,0.03,11400,1628.57,O(iters * E),2.0832,0.2,,
V0,D3_RHMD,T_meanvar_z,0.5,0.99,0.007797,0.0,0.03,18,2.57,O(k),2.0832,0.2,,
V0T,D3_RHMD,T1_mean,0.5,0.986667,0.010044,0.0,0.03,7,1.0,O(k),2.0832,0.2,,
V0T,D3_RHMD,T2_SL,0.5,0.986667,0.010044,0.0,0.03,20,2.86,O(k),2.0832,0.2,,
V0T,D3_RHMD,T3_Beta,0.5,0.986667,0.010044,0.0,0.03,20,2.86,O(k),2.0832,0.2,,
V0T,D3_RHMD,T5_TFLDT,0.5,0.968333,0.020605,0.0,0.03,20,2.86,O(k + deg),2.0832,0.2,,
V0T,D3_RHMD,T_max,0.5,0.99,0.007797,0.0,0.03,6,0.86,O(k),2.0832,0.2,,
V0T,D3_RHMD,T_median,0.5,0.871667,0.028567,0.0,0.03,16,2.29,O(k log k),2.0832,0.2,,
V0T,D3_RHMD,T4_EigenTrust,0.5,0.263333,0.04983,0.01,0.03,11400,1628.57,O(iters * E),2.0832,0.2,,
V0T,D3_RHMD,T_meanvar_z,0.5,0.99,0.007797,0.0,0.03,18,2.57,O(k),2.0832,0.2,,
V1,D3_RHMD,T1_mean,0.5,0.948333,0.020605,0.0,0.08,7,1.0,O(k),2.0832,,0.5,0.2794
V1,D3_RHMD,T2_SL,0.5,0.948333,0.020605,0.0,0.08,20,2.86,O(k),2.0832,,0.5,0.2794
V1,D3_RHMD,T3_Beta,0.5,0.948333,0.020605,0.0,0.08,20,2.86,O(k),2.0832,,0.5,0.2794
V1,D3_RHMD,T5_TFLDT,0.5,0.938333,0.023517,0.0,0.08,20,2.86,O(k + deg),2.0832,,0.5,0.2794
V1,D3_RHMD,T_max,0.5,0.956667,0.016494,0.0,0.08,6,0.86,O(k),2.0832,,0.5,0.2794
V1,D3_RHMD,T_median,0.5,0.833333,0.034745,0.0,0.08,16,2.29,O(k log k),2.0832,,0.5,0.2794
V1,D3_RHMD,T4_EigenTrust,0.5,0.296667,0.0497,0.01,0.08,11400,1628.57,O(iters * E),2.0832,,0.5,0.2794
V1,D3_RHMD,T_meanvar_z,0.5,0.958333,0.01698,0.0,0.08,18,2.57,O(k),2.0832,,0.5,0.2794
V1T,D3_RHMD,T1_mean,0.5,0.998333,0.003267,0.0,0.16,7,1.0,O(k),2.0832,,0.5,0.5306
V1T,D3_RHMD,T2_SL,0.5,0.998333,0.003267,0.0,0.16,20,2.86,O(k),2.0832,,0.5,0.5306
V1T,D3_RHMD,T3_Beta,0.5,0.998333,0.003267,0.0,0.16,20,2.86,O(k),2.0832,,0.5,0.5306
V1T,D3_RHMD,T5_TFLDT,0.5,0.993333,0.013067,0.0,0.16,20,2.86,O(k + deg),2.0832,,0.5,0.5306
V1T,D3_RHMD,T_max,0.5,0.986667,0.008907,0.0,0.16,6,0.86,O(k),2.0832,,0.5,0.5306
V1T,D3_RHMD,T_median,0.5,0.993333,0.006434,0.0,0.16,16,2.29,O(k log k),2.0832,,0.5,0.5306
V1T,D3_RHMD,T4_EigenTrust,0.5,0.441667,0.060605,0.0,0.16,11400,1628.57,O(iters * E),2.0832,,0.5,0.5306
V1T,D3_RHMD,T_meanvar_z,0.5,0.995,0.005601,0.0,0.16,18,2.57,O(k),2.0832,,0.5,0.5306
V0,D3_RHMD,T1_mean,0.6,0.996667,0.004596,0.0,0.03,7,1.0,O(k),2.0832,0.2,,
V0,D3_RHMD,T2_SL,0.6,0.996667,0.004596,0.0,0.03,20,2.86,O(k),2.0832,0.2,,
V0,D3_RHMD,T3_Beta,0.6,0.996667,0.004596,0.0,0.03,20,2.86,O(k),2.0832,0.2,,
V0,D3_RHMD,T5_TFLDT,0.6,0.991667,0.00853,0.0,0.03,20,2.86,O(k + deg),2.0832,0.2,,
V0,D3_RHMD,T_max,0.6,0.996667,0.004596,0.0,0.03,6,0.86,O(k),2.0832,0.2,,
V0,D3_RHMD,T_median,0.6,0.998333,0.003267,0.0,0.03,16,2.29,O(k log k),2.0832,0.2,,
V0,D3_RHMD,T4_EigenTrust,0.6,0.335,0.053646,0.0,0.03,11400,1628.57,O(iters * E),2.0832,0.2,,
V0,D3_RHMD,T_meanvar_z,0.6,0.998333,0.003267,0.0,0.03,18,2.57,O(k),2.0832,0.2,,
V0T,D3_RHMD,T1_mean,0.6,0.996667,0.004596,0.0,0.03,7,1.0,O(k),2.0832,0.2,,
V0T,D3_RHMD,T2_SL,0.6,0.996667,0.004596,0.0,0.03,20,2.86,O(k),2.0832,0.2,,
V0T,D3_RHMD,T3_Beta,0.6,0.996667,0.004596,0.0,0.03,20,2.86,O(k),2.0832,0.2,,
V0T,D3_RHMD,T5_TFLDT,0.6,0.991667,0.00853,0.0,0.03,20,2.86,O(k + deg),2.0832,0.2,,
V0T,D3_RHMD,T_max,0.6,0.996667,0.004596,0.0,0.03,6,0.86,O(k),2.0832,0.2,,
V0T,D3_RHMD,T_median,0.6,0.998333,0.003267,0.0,0.03,16,2.29,O(k log k),2.0832,0.2,,
V0T,D3_RHMD,T4_EigenTrust,0.6,0.335,0.053646,0.0,0.03,11400,1628.57,O(iters * E),2.0832,0.2,,
V0T,D3_RHMD,T_meanvar_z,0.6,0.998333,0.003267,0.0,0.03,18,2.57,O(k),2.0832,0.2,,
V1,D3_RHMD,T1_mean,0.6,0.956667,0.017753,0.0,0.05,7,1.0,O(k),2.0832,,0.4,0.2349
V1,D3_RHMD,T2_SL,0.6,0.956667,0.017753,0.0,0.05,20,2.86,O(k),2.0832,,0.4,0.2349
V1,D3_RHMD,T3_Beta,0.6,0.956667,0.017753,0.0,0.05,20,2.86,O(k),2.0832,,0.4,0.2349
V1,D3_RHMD,T5_TFLDT,0.6,0.943333,0.023317,0.0,0.05,20,2.86,O(k + deg),2.0832,,0.4,0.2349
V1,D3_RHMD,T_max,0.6,0.978333,0.011041,0.0,0.05,6,0.86,O(k),2.0832,,0.4,0.2349
V1,D3_RHMD,T_median,0.6,0.88,0.028273,0.0,0.05,16,2.29,O(k log k),2.0832,,0.4,0.2349
V1,D3_RHMD,T4_EigenTrust,0.6,0.375,0.052402,0.0,0.05,11400,1628.57,O(iters * E),2.0832,,0.4,0.2349
V1,D3_RHMD,T_meanvar_z,0.6,0.973333,0.012901,0.0,0.05,18,2.57,O(k),2.0832,,0.4,0.2349
V1T,D3_RHMD,T1_mean,0.6,0.998333,0.003267,0.0,0.15,7,1.0,O(k),2.0832,,0.4,0.5236
V1T,D3_RHMD,T2_SL,0.6,0.998333,0.003267,0.0,0.15,20,2.86,O(k),2.0832,,0.4,0.5236
V1T,D3_RHMD,T3_Beta,0.6,0.998333,0.003267,0.0,0.15,20,2.86,O(k),2.0832,,0.4,0.5236
V1T,D3_RHMD,T5_TFLDT,0.6,0.996667,0.006533,0.0,0.15,20,2.86,O(k + deg),2.0832,,0.4,0.5236
V1T,D3_RHMD,T_max,0.6,0.993333,0.006434,0.0,0.15,6,0.86,O(k),2.0832,,0.4,0.5236
V1T,D3_RHMD,T_median,0.6,0.99,0.009075,0.0,0.15,16,2.29,O(k log k),2.0832,,0.4,0.5236
V1T,D3_RHMD,T4_EigenTrust,0.6,0.501667,0.061858,0.0,0.15,11400,1628.57,O(iters * E),2.0832,,0.4,0.5236
V1T,D3_RHMD,T_meanvar_z,0.6,0.995,0.005601,0.0,0.15,18,2.57,O(k),2.0832,,0.4,0.5236
V0,D3_RHMD,T1_mean,0.7,0.998333,0.003267,0.0,0.03,7,1.0,O(k),2.0832,0.2,,
V0,D3_RHMD,T2_SL,0.7,0.998333,0.003267,0.0,0.03,20,2.86,O(k),2.0832,0.2,,
V0,D3_RHMD,T3_Beta,0.7,0.998333,0.003267,0.0,0.03,20,2.86,O(k),2.0832,0.2,,
V0,D3_RHMD,T5_TFLDT,0.7,0.996667,0.004596,0.0,0.03,20,2.86,O(k + deg),2.0832,0.2,,
V0,D3_RHMD,T_max,0.7,0.996667,0.004596,0.0,0.03,6,0.86,O(k),2.0832,0.2,,
V0,D3_RHMD,T_median,0.7,0.998333,0.003267,0.0,0.03,16,2.29,O(k log k),2.0832,0.2,,
V0,D3_RHMD,T4_EigenTrust,0.7,0.436667,0.055867,0.0,0.03,11400,1628.57,O(iters * E),2.0832,0.2,,
V0,D3_RHMD,T_meanvar_z,0.7,0.998333,0.003267,0.0,0.03,18,2.57,O(k),2.0832,0.2,,
V0T,D3_RHMD,T1_mean,0.7,0.998333,0.003267,0.0,0.03,7,1.0,O(k),2.0832,0.2,,
V0T,D3_RHMD,T2_SL,0.7,0.998333,0.003267,0.0,0.03,20,2.86,O(k),2.0832,0.2,,
V0T,D3_RHMD,T3_Beta,0.7,0.998333,0.003267,0.0,0.03,20,2.86,O(k),2.0832,0.2,,
V0T,D3_RHMD,T5_TFLDT,0.7,0.996667,0.004596,0.0,0.03,20,2.86,O(k + deg),2.0832,0.2,,
V0T,D3_RHMD,T_max,0.7,0.996667,0.004596,0.0,0.03,6,0.86,O(k),2.0832,0.2,,
V0T,D3_RHMD,T_median,0.7,0.998333,0.003267,0.0,0.03,16,2.29,O(k log k),2.0832,0.2,,
V0T,D3_RHMD,T4_EigenTrust,0.7,0.436667,0.055867,0.0,0.03,11400,1628.57,O(iters * E),2.0832,0.2,,
V0T,D3_RHMD,T_meanvar_z,0.7,0.998333,0.003267,0.0,0.03,18,2.57,O(k),2.0832,0.2,,
V1,D3_RHMD,T1_mean,0.7,0.981667,0.011273,0.0,0.07,7,1.0,O(k),2.0832,,0.3,0.1586
V1,D3_RHMD,T2_SL,0.7,0.981667,0.011273,0.0,0.07,20,2.86,O(k),2.0832,,0.3,0.1586
V1,D3_RHMD,T3_Beta,0.7,0.981667,0.011273,0.0,0.07,20,2.86,O(k),2.0832,,0.3,0.1586
V1,D3_RHMD,T5_TFLDT,0.7,0.971667,0.016121,0.0,0.07,20,2.86,O(k + deg),2.0832,,0.3,0.1586
V1,D3_RHMD,T_max,0.7,0.986667,0.008907,0.0,0.07,6,0.86,O(k),2.0832,,0.3,0.1586
V1,D3_RHMD,T_median,0.7,0.926667,0.021936,0.0,0.07,16,2.29,O(k log k),2.0832,,0.3,0.1586
V1,D3_RHMD,T4_EigenTrust,0.7,0.435,0.054523,0.0,0.07,11400,1628.57,O(iters * E),2.0832,,0.3,0.1586
V1,D3_RHMD,T_meanvar_z,0.7,0.986667,0.008907,0.0,0.07,18,2.57,O(k),2.0832,,0.3,0.1586
V1T,D3_RHMD,T1_mean,0.7,0.998333,0.003267,0.0,0.18,7,1.0,O(k),2.0832,,0.3,0.4996
V1T,D3_RHMD,T2_SL,0.7,0.998333,0.003267,0.0,0.18,20,2.86,O(k),2.0832,,0.3,0.4996
V1T,D3_RHMD,T3_Beta,0.7,0.998333,0.003267,0.0,0.18,20,2.86,O(k),2.0832,,0.3,0.4996
V1T,D3_RHMD,T5_TFLDT,0.7,0.993333,0.007934,0.0,0.18,20,2.86,O(k + deg),2.0832,,0.3,0.4996
V1T,D3_RHMD,T_max,0.7,0.995,0.005601,0.0,0.18,6,0.86,O(k),2.0832,,0.3,0.4996
V1T,D3_RHMD,T_median,0.7,0.998333,0.003267,0.0,0.18,16,2.29,O(k log k),2.0832,,0.3,0.4996
V1T,D3_RHMD,T4_EigenTrust,0.7,0.546667,0.060907,0.0,0.18,11400,1628.57,O(iters * E),2.0832,,0.3,0.4996
V1T,D3_RHMD,T_meanvar_z,0.7,0.996667,0.004596,0.0,0.18,18,2.57,O(k),2.0832,,0.3,0.4996
V0,D3_RHMD,T1_mean,0.8,1.0,0.0,0.0,0.05,7,1.0,O(k),2.0832,0.0,,
V0,D3_RHMD,T2_SL,0.8,1.0,0.0,0.0,0.05,20,2.86,O(k),2.0832,0.0,,
V0,D3_RHMD,T3_Beta,0.8,1.0,0.0,0.0,0.05,20,2.86,O(k),2.0832,0.0,,
V0,D3_RHMD,T5_TFLDT,0.8,0.996667,0.004596,0.0,0.05,20,2.86,O(k + deg),2.0832,0.0,,
V0,D3_RHMD,T_max,0.8,0.998333,0.003267,0.0,0.05,6,0.86,O(k),2.0832,0.0,,
V0,D3_RHMD,T_median,0.8,1.0,0.0,0.0,0.05,16,2.29,O(k log k),2.0832,0.0,,
V0,D3_RHMD,T4_EigenTrust,0.8,0.46,0.061091,0.0,0.05,11400,1628.57,O(iters * E),2.0832,0.0,,
V0,D3_RHMD,T_meanvar_z,0.8,1.0,0.0,0.0,0.05,18,2.57,O(k),2.0832,0.0,,
V0T,D3_RHMD,T1_mean,0.8,1.0,0.0,0.0,0.05,7,1.0,O(k),2.0832,0.0,,
V0T,D3_RHMD,T2_SL,0.8,1.0,0.0,0.0,0.05,20,2.86,O(k),2.0832,0.0,,
V0T,D3_RHMD,T3_Beta,0.8,1.0,0.0,0.0,0.05,20,2.86,O(k),2.0832,0.0,,
V0T,D3_RHMD,T5_TFLDT,0.8,0.996667,0.004596,0.0,0.05,20,2.86,O(k + deg),2.0832,0.0,,
V0T,D3_RHMD,T_max,0.8,0.998333,0.003267,0.0,0.05,6,0.86,O(k),2.0832,0.0,,
V0T,D3_RHMD,T_median,0.8,1.0,0.0,0.0,0.05,16,2.29,O(k log k),2.0832,0.0,,
V0T,D3_RHMD,T4_EigenTrust,0.8,0.46,0.061091,0.0,0.05,11400,1628.57,O(iters * E),2.0832,0.0,,
V0T,D3_RHMD,T_meanvar_z,0.8,1.0,0.0,0.0,0.05,18,2.57,O(k),2.0832,0.0,,
V1,D3_RHMD,T1_mean,0.8,0.983333,0.010889,0.0,0.07,7,1.0,O(k),2.0832,,0.1948,0.0179
V1,D3_RHMD,T2_SL,0.8,0.983333,0.010889,0.0,0.07,20,2.86,O(k),2.0832,,0.1948,0.0179
V1,D3_RHMD,T3_Beta,0.8,0.983333,0.010889,0.0,0.07,20,2.86,O(k),2.0832,,0.1948,0.0179
V1,D3_RHMD,T5_TFLDT,0.8,0.968333,0.015878,0.0,0.07,20,2.86,O(k + deg),2.0832,,0.1948,0.0179
V1,D3_RHMD,T_max,0.8,0.995,0.005601,0.0,0.07,6,0.86,O(k),2.0832,,0.1948,0.0179
V1,D3_RHMD,T_median,0.8,0.96,0.018642,0.0,0.07,16,2.29,O(k log k),2.0832,,0.1948,0.0179
V1,D3_RHMD,T4_EigenTrust,0.8,0.518333,0.055696,0.0,0.07,11400,1628.57,O(iters * E),2.0832,,0.1948,0.0179
V1,D3_RHMD,T_meanvar_z,0.8,0.995,0.005601,0.0,0.07,18,2.57,O(k),2.0832,,0.1948,0.0179
V1T,D3_RHMD,T1_mean,0.8,0.998333,0.003267,0.0,0.13,7,1.0,O(k),2.0832,,0.2,0.4455
V1T,D3_RHMD,T2_SL,0.8,0.998333,0.003267,0.0,0.13,20,2.86,O(k),2.0832,,0.2,0.4455
V1T,D3_RHMD,T3_Beta,0.8,0.998333,0.003267,0.0,0.13,20,2.86,O(k),2.0832,,0.2,0.4455
V1T,D3_RHMD,T5_TFLDT,0.8,0.995,0.007275,0.0,0.13,20,2.86,O(k + deg),2.0832,,0.2,0.4455
V1T,D3_RHMD,T_max,0.8,0.996667,0.004596,0.0,0.13,6,0.86,O(k),2.0832,,0.2,0.4455
V1T,D3_RHMD,T_median,0.8,0.996667,0.004596,0.0,0.13,16,2.29,O(k log k),2.0832,,0.2,0.4455
V1T,D3_RHMD,T4_EigenTrust,0.8,0.59,0.056755,0.0,0.13,11400,1628.57,O(iters * E),2.0832,,0.2,0.4455
V1T,D3_RHMD,T_meanvar_z,0.8,0.996667,0.004596,0.0,0.13,18,2.57,O(k),2.0832,,0.2,0.4455
V0,D3_RHMD,T1_mean,0.9,1.0,0.0,0.0,0.06,7,1.0,O(k),2.0832,0.0,,
V0,D3_RHMD,T2_SL,0.9,1.0,0.0,0.0,0.06,20,2.86,O(k),2.0832,0.0,,
V0,D3_RHMD,T3_Beta,0.9,1.0,0.0,0.0,0.06,20,2.86,O(k),2.0832,0.0,,
V0,D3_RHMD,T5_TFLDT,0.9,0.998333,0.003267,0.0,0.06,20,2.86,O(k + deg),2.0832,0.0,,
V0,D3_RHMD,T_max,0.9,0.998333,0.003267,0.0,0.06,6,0.86,O(k),2.0832,0.0,,
V0,D3_RHMD,T_median,0.9,1.0,0.0,0.0,0.06,16,2.29,O(k log k),2.0832,0.0,,
V0,D3_RHMD,T4_EigenTrust,0.9,0.543333,0.060826,0.0,0.06,11400,1628.57,O(iters * E),2.0832,0.0,,
V0,D3_RHMD,T_meanvar_z,0.9,1.0,0.0,0.0,0.06,18,2.57,O(k),2.0832,0.0,,
V0T,D3_RHMD,T1_mean,0.9,1.0,0.0,0.0,0.06,7,1.0,O(k),2.0832,0.0,,
V0T,D3_RHMD,T2_SL,0.9,1.0,0.0,0.0,0.06,20,2.86,O(k),2.0832,0.0,,
V0T,D3_RHMD,T3_Beta,0.9,1.0,0.0,0.0,0.06,20,2.86,O(k),2.0832,0.0,,
V0T,D3_RHMD,T5_TFLDT,0.9,0.998333,0.003267,0.0,0.06,20,2.86,O(k + deg),2.0832,0.0,,
V0T,D3_RHMD,T_max,0.9,0.998333,0.003267,0.0,0.06,6,0.86,O(k),2.0832,0.0,,
V0T,D3_RHMD,T_median,0.9,1.0,0.0,0.0,0.06,16,2.29,O(k log k),2.0832,0.0,,
V0T,D3_RHMD,T4_EigenTrust,0.9,0.543333,0.060826,0.0,0.06,11400,1628.57,O(iters * E),2.0832,0.0,,
V0T,D3_RHMD,T_meanvar_z,0.9,1.0,0.0,0.0,0.06,18,2.57,O(k),2.0832,0.0,,
V1,D3_RHMD,T1_mean,0.9,1.0,0.0,0.0,0.07,7,1.0,O(k),2.0832,,0.0805,0.0
V1,D3_RHMD,T2_SL,0.9,1.0,0.0,0.0,0.07,20,2.86,O(k),2.0832,,0.0805,0.0
V1,D3_RHMD,T3_Beta,0.9,1.0,0.0,0.0,0.07,20,2.86,O(k),2.0832,,0.0805,0.0
V1,D3_RHMD,T5_TFLDT,0.9,0.998333,0.003267,0.0,0.07,20,2.86,O(k + deg),2.0832,,0.0805,0.0
V1,D3_RHMD,T_max,0.9,0.998333,0.003267,0.0,0.07,6,0.86,O(k),2.0832,,0.0805,0.0
V1,D3_RHMD,T_median,0.9,0.99,0.007797,0.0,0.07,16,2.29,O(k log k),2.0832,,0.0805,0.0
V1,D3_RHMD,T4_EigenTrust,0.9,0.616667,0.055426,0.0,0.07,11400,1628.57,O(iters * E),2.0832,,0.0805,0.0
V1,D3_RHMD,T_meanvar_z,0.9,0.998333,0.003267,0.0,0.07,18,2.57,O(k),2.0832,,0.0805,0.0
V1T,D3_RHMD,T1_mean,0.9,1.0,0.0,0.0,0.09,7,1.0,O(k),2.0832,,0.1,0.3038
V1T,D3_RHMD,T2_SL,0.9,1.0,0.0,0.0,0.09,20,2.86,O(k),2.0832,,0.1,0.3038
V1T,D3_RHMD,T3_Beta,0.9,1.0,0.0,0.0,0.09,20,2.86,O(k),2.0832,,0.1,0.3038
V1T,D3_RHMD,T5_TFLDT,0.9,1.0,0.0,0.0,0.09,20,2.86,O(k + deg),2.0832,,0.1,0.3038
V1T,D3_RHMD,T_max,0.9,0.998333,0.003267,0.0,0.09,6,0.86,O(k),2.0832,,0.1,0.3038
V1T,D3_RHMD,T_median,0.9,1.0,0.0,0.0,0.09,16,2.29,O(k log k),2.0832,,0.1,0.3038
V1T,D3_RHMD,T4_EigenTrust,0.9,0.64,0.055468,0.0,0.09,11400,1628.57,O(iters * E),2.0832,,0.1,0.3038
V1T,D3_RHMD,T_meanvar_z,0.9,0.998333,0.003267,0.0,0.09,18,2.57,O(k),2.0832,,0.1,0.3038
V0,D3_RHMD,T1_mean,1.0,1.0,0.0,0.0,0.07,7,1.0,O(k),2.0832,0.0,,
V0,D3_RHMD,T2_SL,1.0,1.0,0.0,0.0,0.07,20,2.86,O(k),2.0832,0.0,,
V0,D3_RHMD,T3_Beta,1.0,1.0,0.0,0.0,0.07,20,2.86,O(k),2.0832,0.0,,
V0,D3_RHMD,T5_TFLDT,1.0,1.0,0.0,0.0,0.07,20,2.86,O(k + deg),2.0832,0.0,,
V0,D3_RHMD,T_max,1.0,0.998333,0.003267,0.0,0.07,6,0.86,O(k),2.0832,0.0,,
V0,D3_RHMD,T_median,1.0,1.0,0.0,0.0,0.07,16,2.29,O(k log k),2.0832,0.0,,
V0,D3_RHMD,T4_EigenTrust,1.0,0.725,0.058247,0.0,0.07,11400,1628.57,O(iters * E),2.0832,0.0,,
V0,D3_RHMD,T_meanvar_z,1.0,1.0,0.0,0.0,0.07,18,2.57,O(k),2.0832,0.0,,
V0T,D3_RHMD,T1_mean,1.0,1.0,0.0,0.0,0.07,7,1.0,O(k),2.0832,0.0,,
V0T,D3_RHMD,T2_SL,1.0,1.0,0.0,0.0,0.07,20,2.86,O(k),2.0832,0.0,,
V0T,D3_RHMD,T3_Beta,1.0,1.0,0.0,0.0,0.07,20,2.86,O(k),2.0832,0.0,,
V0T,D3_RHMD,T5_TFLDT,1.0,1.0,0.0,0.0,0.07,20,2.86,O(k + deg),2.0832,0.0,,
V0T,D3_RHMD,T_max,1.0,0.998333,0.003267,0.0,0.07,6,0.86,O(k),2.0832,0.0,,
V0T,D3_RHMD,T_median,1.0,1.0,0.0,0.0,0.07,16,2.29,O(k log k),2.0832,0.0,,
V0T,D3_RHMD,T4_EigenTrust,1.0,0.725,0.058247,0.0,0.07,11400,1628.57,O(iters * E),2.0832,0.0,,
V0T,D3_RHMD,T_meanvar_z,1.0,1.0,0.0,0.0,0.07,18,2.57,O(k),2.0832,0.0,,
V1,D3_RHMD,T1_mean,1.0,1.0,0.0,0.0,0.08,7,1.0,O(k),2.0832,,0.0,0.2698
V1,D3_RHMD,T2_SL,1.0,1.0,0.0,0.0,0.08,20,2.86,O(k),2.0832,,0.0,0.2698
V1,D3_RHMD,T3_Beta,1.0,1.0,0.0,0.0,0.08,20,2.86,O(k),2.0832,,0.0,0.2698
V1,D3_RHMD,T5_TFLDT,1.0,1.0,0.0,0.0,0.08,20,2.86,O(k + deg),2.0832,,0.0,0.2698
V1,D3_RHMD,T_max,1.0,0.998333,0.003267,0.0,0.08,6,0.86,O(k),2.0832,,0.0,0.2698
V1,D3_RHMD,T_median,1.0,1.0,0.0,0.0,0.08,16,2.29,O(k log k),2.0832,,0.0,0.2698
V1,D3_RHMD,T4_EigenTrust,1.0,0.72,0.056079,0.0,0.08,11400,1628.57,O(iters * E),2.0832,,0.0,0.2698
V1,D3_RHMD,T_meanvar_z,1.0,0.998333,0.003267,0.0,0.08,18,2.57,O(k),2.0832,,0.0,0.2698
V1T,D3_RHMD,T1_mean,1.0,1.0,0.0,0.0,0.08,7,1.0,O(k),2.0832,,0.0,0.2698
V1T,D3_RHMD,T2_SL,1.0,1.0,0.0,0.0,0.08,20,2.86,O(k),2.0832,,0.0,0.2698
V1T,D3_RHMD,T3_Beta,1.0,1.0,0.0,0.0,0.08,20,2.86,O(k),2.0832,,0.0,0.2698
V1T,D3_RHMD,T5_TFLDT,1.0,1.0,0.0,0.0,0.08,20,2.86,O(k + deg),2.0832,,0.0,0.2698
V1T,D3_RHMD,T_max,1.0,0.998333,0.003267,0.0,0.08,6,0.86,O(k),2.0832,,0.0,0.2698
V1T,D3_RHMD,T_median,1.0,1.0,0.0,0.0,0.08,16,2.29,O(k log k),2.0832,,0.0,0.2698
V1T,D3_RHMD,T4_EigenTrust,1.0,0.72,0.056079,0.0,0.08,11400,1628.57,O(iters * E),2.0832,,0.0,0.2698
V1T,D3_RHMD,T_meanvar_z,1.0,0.998333,0.003267,0.0,0.08,18,2.57,O(k),2.0832,,0.0,0.2698
V0,D4_MTD,T1_mean,0.1,0.204333,0.038239,0.23,0.01,7,1.0,O(k),2.0474,0.0,,
V0,D4_MTD,T2_SL,0.1,0.204333,0.038239,0.23,0.01,20,2.86,O(k),2.0474,0.0,,
V0,D4_MTD,T3_Beta,0.1,0.204333,0.038239,0.23,0.01,20,2.86,O(k),2.0474,0.0,,
V0,D4_MTD,T5_TFLDT,0.1,0.206,0.038595,0.27,0.01,20,2.86,O(k + deg),2.0474,0.0,,
V0,D4_MTD,T_max,0.1,0.526333,0.044624,0.02,0.01,6,0.86,O(k),2.0474,0.0,,
V0,D4_MTD,T_median,0.1,0.026667,0.015895,0.93,0.01,16,2.29,O(k log k),2.0474,0.0,,
V0,D4_MTD,T4_EigenTrust,0.1,0.065,0.022216,0.38,0.01,11400,1628.57,O(iters * E),2.0474,0.0,,
V0,D4_MTD,T_meanvar_z,0.1,0.513,0.04533,0.02,0.01,18,2.57,O(k),2.0474,0.0,,
V0T,D4_MTD,T1_mean,0.1,0.204333,0.038239,0.23,0.01,7,1.0,O(k),2.0474,0.0,,
V0T,D4_MTD,T2_SL,0.1,0.204333,0.038239,0.23,0.01,20,2.86,O(k),2.0474,0.0,,
V0T,D4_MTD,T3_Beta,0.1,0.204333,0.038239,0.23,0.01,20,2.86,O(k),2.0474,0.0,,
V0T,D4_MTD,T5_TFLDT,0.1,0.206,0.038595,0.27,0.01,20,2.86,O(k + deg),2.0474,0.0,,
V0T,D4_MTD,T_max,0.1,0.526333,0.044624,0.02,0.01,6,0.86,O(k),2.0474,0.0,,
V0T,D4_MTD,T_median,0.1,0.026667,0.015895,0.93,0.01,16,2.29,O(k log k),2.0474,0.0,,
V0T,D4_MTD,T4_EigenTrust,0.1,0.065,0.022216,0.38,0.01,11400,1628.57,O(iters * E),2.0474,0.0,,
V0T,D4_MTD,T_meanvar_z,0.1,0.513,0.04533,0.02,0.01,18,2.57,O(k),2.0474,0.0,,
V1,D4_MTD,T1_mean,0.1,0.801333,0.041704,0.0,0.03,7,1.0,O(k),2.0474,,0.9,0.2118
V1,D4_MTD,T2_SL,0.1,0.801333,0.041704,0.0,0.03,20,2.86,O(k),2.0474,,0.9,0.2118
V1,D4_MTD,T3_Beta,0.1,0.801333,0.041704,0.0,0.03,20,2.86,O(k),2.0474,,0.9,0.2118
V1,D4_MTD,T5_TFLDT,0.1,0.788,0.043013,0.0,0.03,20,2.86,O(k + deg),2.0474,,0.9,0.2118
V1,D4_MTD,T_max,0.1,0.633,0.043748,0.0,0.03,6,0.86,O(k),2.0474,,0.9,0.2118
V1,D4_MTD,T_median,0.1,0.688333,0.04795,0.0,0.03,16,2.29,O(k log k),2.0474,,0.9,0.2118
V1,D4_MTD,T4_EigenTrust,0.1,0.145,0.037622,0.16,0.03,11400,1628.57,O(iters * E),2.0474,,0.9,0.2118
V1,D4_MTD,T_meanvar_z,0.1,0.808,0.037538,0.0,0.03,18,2.57,O(k),2.0474,,0.9,0.2118
V1T,D4_MTD,T1_mean,0.1,0.469667,0.046654,0.02,0.07,7,1.0,O(k),2.0474,,0.9,0.102
V1T,D4_MTD,T2_SL,0.1,0.469667,0.046654,0.02,0.07,20,2.86,O(k),2.0474,,0.9,0.102
V1T,D4_MTD,T3_Beta,0.1,0.469667,0.046654,0.02,0.07,20,2.86,O(k),2.0474,,0.9,0.102
V1T,D4_MTD,T5_TFLDT,0.1,0.462667,0.045769,0.02,0.07,20,2.86,O(k + deg),2.0474,,0.9,0.102
V1T,D4_MTD,T_max,0.1,0.476,0.040648,0.02,0.07,6,0.86,O(k),2.0474,,0.9,0.102
V1T,D4_MTD,T_median,0.1,0.240333,0.04672,0.09,0.07,16,2.29,O(k log k),2.0474,,0.9,0.102
V1T,D4_MTD,T4_EigenTrust,0.1,0.118333,0.034212,0.26,0.07,11400,1628.57,O(iters * E),2.0474,,0.9,0.102
V1T,D4_MTD,T_meanvar_z,0.1,0.486333,0.045795,0.01,0.07,18,2.57,O(k),2.0474,,0.9,0.102
V0,D4_MTD,T1_mean,0.2,0.709667,0.048362,0.0,0.0,7,1.0,O(k),2.0474,0.0,,
V0,D4_MTD,T2_SL,0.2,0.709667,0.048362,0.0,0.0,20,2.86,O(k),2.0474,0.0,,
V0,D4_MTD,T3_Beta,0.2,0.709667,0.048362,0.0,0.0,20,2.86,O(k),2.0474,0.0,,
V0,D4_MTD,T5_TFLDT,0.2,0.701333,0.049608,0.0,0.0,20,2.86,O(k + deg),2.0474,0.0,,
V0,D4_MTD,T_max,0.2,0.958333,0.01566,0.0,0.0,6,0.86,O(k),2.0474,0.0,,
V0,D4_MTD,T_median,0.2,0.068333,0.024168,0.65,0.0,16,2.29,O(k log k),2.0474,0.0,,
V0,D4_MTD,T4_EigenTrust,0.2,0.146667,0.038646,0.21,0.0,11400,1628.57,O(iters * E),2.0474,0.0,,
V0,D4_MTD,T_meanvar_z,0.2,0.955,0.015986,0.0,0.0,18,2.57,O(k),2.0474,0.0,,
V0T,D4_MTD,T1_mean,0.2,0.709667,0.048362,0.0,0.0,7,1.0,O(k),2.0474,0.0,,
V0T,D4_MTD,T2_SL,0.2,0.709667,0.048362,0.0,0.0,20,2.86,O(k),2.0474,0.0,,
V0T,D4_MTD,T3_Beta,0.2,0.709667,0.048362,0.0,0.0,20,2.86,O(k),2.0474,0.0,,
V0T,D4_MTD,T5_TFLDT,0.2,0.701333,0.049608,0.0,0.0,20,2.86,O(k + deg),2.0474,0.0,,
V0T,D4_MTD,T_max,0.2,0.958333,0.01566,0.0,0.0,6,0.86,O(k),2.0474,0.0,,
V0T,D4_MTD,T_median,0.2,0.068333,0.024168,0.65,0.0,16,2.29,O(k log k),2.0474,0.0,,
V0T,D4_MTD,T4_EigenTrust,0.2,0.146667,0.038646,0.21,0.0,11400,1628.57,O(iters * E),2.0474,0.0,,
V0T,D4_MTD,T_meanvar_z,0.2,0.955,0.015986,0.0,0.0,18,2.57,O(k),2.0474,0.0,,
V1,D4_MTD,T1_mean,0.2,0.946667,0.022209,0.0,0.01,7,1.0,O(k),2.0474,,0.8,0.2653
V1,D4_MTD,T2_SL,0.2,0.946667,0.022209,0.0,0.01,20,2.86,O(k),2.0474,,0.8,0.2653
V1,D4_MTD,T3_Beta,0.2,0.946667,0.022209,0.0,0.01,20,2.86,O(k),2.0474,,0.8,0.2653
V1,D4_MTD,T5_TFLDT,0.2,0.928333,0.02468,0.0,0.01,20,2.86,O(k + deg),2.0474,,0.8,0.2653
V1,D4_MTD,T_max,0.2,0.841667,0.034237,0.0,0.01,6,0.86,O(k),2.0474,,0.8,0.2653
V1,D4_MTD,T_median,0.2,0.898333,0.030762,0.0,0.01,16,2.29,O(k log k),2.0474,,0.8,0.2653
V1,D4_MTD,T4_EigenTrust,0.2,0.206667,0.047377,0.04,0.01,11400,1628.57,O(iters * E),2.0474,,0.8,0.2653
V1,D4_MTD,T_meanvar_z,0.2,0.935,0.02071,0.0,0.01,18,2.57,O(k),2.0474,,0.8,0.2653
V1T,D4_MTD,T1_mean,0.2,0.99,0.011201,0.0,0.01,7,1.0,O(k),2.0474,,0.8,0.3865
V1T,D4_MTD,T2_SL,0.2,0.99,0.011201,0.0,0.01,20,2.86,O(k),2.0474,,0.8,0.3865
V1T,D4_MTD,T3_Beta,0.2,0.99,0.011201,0.0,0.01,20,2.86,O(k),2.0474,,0.8,0.3865
V1T,D4_MTD,T5_TFLDT,0.2,0.986667,0.012,0.0,0.01,20,2.86,O(k + deg),2.0474,,0.8,0.3865
V1T,D4_MTD,T_max,0.2,0.955,0.017895,0.0,0.01,6,0.86,O(k),2.0474,,0.8,0.3865
V1T,D4_MTD,T_median,0.2,0.98,0.016271,0.0,0.01,16,2.29,O(k log k),2.0474,,0.8,0.3865
V1T,D4_MTD,T4_EigenTrust,0.2,0.268333,0.052917,0.03,0.01,11400,1628.57,O(iters * E),2.0474,,0.8,0.3865
V1T,D4_MTD,T_meanvar_z,0.2,0.985,0.009396,0.0,0.01,18,2.57,O(k),2.0474,,0.8,0.3865
V0,D4_MTD,T1_mean,0.3,0.971667,0.015438,0.0,0.0,7,1.0,O(k),2.0474,0.0,,
V0,D4_MTD,T2_SL,0.3,0.971667,0.015438,0.0,0.0,20,2.86,O(k),2.0474,0.0,,
V0,D4_MTD,T3_Beta,0.3,0.971667,0.015438,0.0,0.0,20,2.86,O(k),2.0474,0.0,,
V0,D4_MTD,T5_TFLDT,0.3,0.958333,0.026823,0.0,0.0,20,2.86,O(k + deg),2.0474,0.0,,
V0,D4_MTD,T_max,0.3,0.991667,0.007155,0.0,0.0,6,0.86,O(k),2.0474,0.0,,
V0,D4_MTD,T_median,0.3,0.16,0.034094,0.29,0.0,16,2.29,O(k log k),2.0474,0.0,,
V0,D4_MTD,T4_EigenTrust,0.3,0.178333,0.042619,0.07,0.0,11400,1628.57,O(iters * E),2.0474,0.0,,
V0,D4_MTD,T_meanvar_z,0.3,0.991667,0.007155,0.0,0.0,18,2.57,O(k),2.0474,0.0,,
V0T,D4_MTD,T1_mean,0.3,0.971667,0.015438,0.0,0.0,7,1.0,O(k),2.0474,0.0,,
V0T,D4_MTD,T2_SL,0.3,0.971667,0.015438,0.0,0.0,20,2.86,O(k),2.0474,0.0,,
V0T,D4_MTD,T3_Beta,0.3,0.971667,0.015438,0.0,0.0,20,2.86,O(k),2.0474,0.0,,
V0T,D4_MTD,T5_TFLDT,0.3,0.958333,0.026823,0.0,0.0,20,2.86,O(k + deg),2.0474,0.0,,
V0T,D4_MTD,T_max,0.3,0.991667,0.007155,0.0,0.0,6,0.86,O(k),2.0474,0.0,,
V0T,D4_MTD,T_median,0.3,0.16,0.034094,0.29,0.0,16,2.29,O(k log k),2.0474,0.0,,
V0T,D4_MTD,T4_EigenTrust,0.3,0.178333,0.042619,0.07,0.0,11400,1628.57,O(iters * E),2.0474,0.0,,
V0T,D4_MTD,T_meanvar_z,0.3,0.991667,0.007155,0.0,0.0,18,2.57,O(k),2.0474,0.0,,
V1,D4_MTD,T1_mean,0.3,0.97,0.016984,0.0,0.0,7,1.0,O(k),2.0474,,0.7,0.2836
V1,D4_MTD,T2_SL,0.3,0.97,0.016984,0.0,0.0,20,2.86,O(k),2.0474,,0.7,0.2836
V1,D4_MTD,T3_Beta,0.3,0.97,0.016984,0.0,0.0,20,2.86,O(k),2.0474,,0.7,0.2836
V1,D4_MTD,T5_TFLDT,0.3,0.95,0.020503,0.0,0.0,20,2.86,O(k + deg),2.0474,,0.7,0.2836
V1,D4_MTD,T_max,0.3,0.918333,0.02564,0.0,0.0,6,0.86,O(k),2.0474,,0.7,0.2836
V1,D4_MTD,T_median,0.3,0.936667,0.026583,0.0,0.0,16,2.29,O(k log k),2.0474,,0.7,0.2836
V1,D4_MTD,T4_EigenTrust,0.3,0.281667,0.054483,0.01,0.0,11400,1628.57,O(iters * E),2.0474,,0.7,0.2836
V1,D4_MTD,T_meanvar_z,0.3,0.965,0.01628,0.0,0.0,18,2.57,O(k),2.0474,,0.7,0.2836
V1T,D4_MTD,T1_mean,0.3,1.0,0.0,0.0,0.0,7,1.0,O(k),2.0474,,0.7,0.5802
V1T,D4_MTD,T2_SL,0.3,1.0,0.0,0.0,0.0,20,2.86,O(k),2.0474,,0.7,0.5802
V1T,D4_MTD,T3_Beta,0.3,1.0,0.0,0.0,0.0,20,2.86,O(k),2.0474,,0.7,0.5802
V1T,D4_MTD,T5_TFLDT,0.3,0.998333,0.003267,0.0,0.0,20,2.86,O(k + deg),2.0474,,0.7,0.5802
V1T,D4_MTD,T_max,0.3,0.995,0.005601,0.0,0.0,6,0.86,O(k),2.0474,,0.7,0.5802
V1T,D4_MTD,T_median,0.3,0.998333,0.003267,0.0,0.0,16,2.29,O(k log k),2.0474,,0.7,0.5802
V1T,D4_MTD,T4_EigenTrust,0.3,0.473333,0.061548,0.0,0.0,11400,1628.57,O(iters * E),2.0474,,0.7,0.5802
V1T,D4_MTD,T_meanvar_z,0.3,0.998333,0.003267,0.0,0.0,18,2.57,O(k),2.0474,,0.7,0.5802
V0,D4_MTD,T1_mean,0.4,0.991667,0.007155,0.0,0.0,7,1.0,O(k),2.0474,0.0,,
V0,D4_MTD,T2_SL,0.4,0.991667,0.007155,0.0,0.0,20,2.86,O(k),2.0474,0.0,,
V0,D4_MTD,T3_Beta,0.4,0.991667,0.007155,0.0,0.0,20,2.86,O(k),2.0474,0.0,,
V0,D4_MTD,T5_TFLDT,0.4,0.978333,0.018948,0.0,0.0,20,2.86,O(k + deg),2.0474,0.0,,
V0,D4_MTD,T_max,0.4,0.991667,0.007155,0.0,0.0,6,0.86,O(k),2.0474,0.0,,
V0,D4_MTD,T_median,0.4,0.384,0.049019,0.07,0.0,16,2.29,O(k log k),2.0474,0.0,,
V0,D4_MTD,T4_EigenTrust,0.4,0.233333,0.049137,0.04,0.0,11400,1628.57,O(iters * E),2.0474,0.0,,
V0,D4_MTD,T_meanvar_z,0.4,0.991667,0.007155,0.0,0.0,18,2.57,O(k),2.0474,0.0,,
V0T,D4_MTD,T1_mean,0.4,0.991667,0.007155,0.0,0.0,7,1.0,O(k),2.0474,0.0,,
V0T,D4_MTD,T2_SL,0.4,0.991667,0.007155,0.0,0.0,20,2.86,O(k),2.0474,0.0,,
V0T,D4_MTD,T3_Beta,0.4,0.991667,0.007155,0.0,0.0,20,2.86,O(k),2.0474,0.0,,
V0T,D4_MTD,T5_TFLDT,0.4,0.978333,0.018948,0.0,0.0,20,2.86,O(k + deg),2.0474,0.0,,
V0T,D4_MTD,T_max,0.4,0.991667,0.007155,0.0,0.0,6,0.86,O(k),2.0474,0.0,,
V0T,D4_MTD,T_median,0.4,0.384,0.049019,0.07,0.0,16,2.29,O(k log k),2.0474,0.0,,
V0T,D4_MTD,T4_EigenTrust,0.4,0.233333,0.049137,0.04,0.0,11400,1628.57,O(iters * E),2.0474,0.0,,
V0T,D4_MTD,T_meanvar_z,0.4,0.991667,0.007155,0.0,0.0,18,2.57,O(k),2.0474,0.0,,
V1,D4_MTD,T1_mean,0.4,0.978333,0.014427,0.0,0.0,7,1.0,O(k),2.0474,,0.6,0.2797
V1,D4_MTD,T2_SL,0.4,0.978333,0.014427,0.0,0.0,20,2.86,O(k),2.0474,,0.6,0.2797
V1,D4_MTD,T3_Beta,0.4,0.978333,0.014427,0.0,0.0,20,2.86,O(k),2.0474,,0.6,0.2797
V1,D4_MTD,T5_TFLDT,0.4,0.971667,0.017407,0.0,0.0,20,2.86,O(k + deg),2.0474,,0.6,0.2797
V1,D4_MTD,T_max,0.4,0.951667,0.01986,0.0,0.0,6,0.86,O(k),2.0474,,0.6,0.2797
V1,D4_MTD,T_median,0.4,0.951667,0.021426,0.0,0.0,16,2.29,O(k log k),2.0474,,0.6,0.2797
V1,D4_MTD,T4_EigenTrust,0.4,0.343333,0.056067,0.0,0.0,11400,1628.57,O(iters * E),2.0474,,0.6,0.2797
V1,D4_MTD,T_meanvar_z,0.4,0.98,0.012528,0.0,0.0,18,2.57,O(k),2.0474,,0.6,0.2797
V1T,D4_MTD,T1_mean,0.4,1.0,0.0,0.0,0.01,7,1.0,O(k),2.0474,,0.6,0.6233
V1T,D4_MTD,T2_SL,0.4,1.0,0.0,0.0,0.01,20,2.86,O(k),2.0474,,0.6,0.6233
V1T,D4_MTD,T3_Beta,0.4,1.0,0.0,0.0,0.01,20,2.86,O(k),2.0474,,0.6,0.6233
V1T,D4_MTD,T5_TFLDT,0.4,0.998333,0.003267,0.0,0.01,20,2.86,O(k + deg),2.0474,,0.6,0.6233
V1T,D4_MTD,T_max,0.4,0.996667,0.004596,0.0,0.01,6,0.86,O(k),2.0474,,0.6,0.6233
V1T,D4_MTD,T_median,0.4,1.0,0.0,0.0,0.01,16,2.29,O(k log k),2.0474,,0.6,0.6233
V1T,D4_MTD,T4_EigenTrust,0.4,0.571667,0.062682,0.0,0.01,11400,1628.57,O(iters * E),2.0474,,0.6,0.6233
V1T,D4_MTD,T_meanvar_z,0.4,0.998333,0.003267,0.0,0.01,18,2.57,O(k),2.0474,,0.6,0.6233
V0,D4_MTD,T1_mean,0.5,0.993333,0.006434,0.0,0.0,7,1.0,O(k),2.0474,0.0,,
V0,D4_MTD,T2_SL,0.5,0.993333,0.006434,0.0,0.0,20,2.86,O(k),2.0474,0.0,,
V0,D4_MTD,T3_Beta,0.5,0.993333,0.006434,0.0,0.0,20,2.86,O(k),2.0474,0.0,,
V0,D4_MTD,T5_TFLDT,0.5,0.99,0.009075,0.0,0.0,20,2.86,O(k + deg),2.0474,0.0,,
V0,D4_MTD,T_max,0.5,0.991667,0.007155,0.0,0.0,6,0.86,O(k),2.0474,0.0,,
V0,D4_MTD,T_median,0.5,0.831667,0.031998,0.0,0.0,16,2.29,O(k log k),2.0474,0.0,,
V0,D4_MTD,T4_EigenTrust,0.5,0.308333,0.05442,0.0,0.0,11400,1628.57,O(iters * E),2.0474,0.0,,
V0,D4_MTD,T_meanvar_z,0.5,0.991667,0.007155,0.0,0.0,18,2.57,O(k),2.0474,0.0,,
V0T,D4_MTD,T1_mean,0.5,0.993333,0.006434,0.0,0.0,7,1.0,O(k),2.0474,0.0,,
V0T,D4_MTD,T2_SL,0.5,0.993333,0.006434,0.0,0.0,20,2.86,O(k),2.0474,0.0,,
V0T,D4_MTD,T3_Beta,0.5,0.993333,0.006434,0.0,0.0,20,2.86,O(k),2.0474,0.0,,
V0T,D4_MTD,T5_TFLDT,0.5,0.99,0.009075,0.0,0.0,20,2.86,O(k + deg),2.0474,0.0,,
V0T,D4_MTD,T_max,0.5,0.991667,0.007155,0.0,0.0,6,0.86,O(k),2.0474,0.0,,
V0T,D4_MTD,T_median,0.5,0.831667,0.031998,0.0,0.0,16,2.29,O(k log k),2.0474,0.0,,
V0T,D4_MTD,T4_EigenTrust,0.5,0.308333,0.05442,0.0,0.0,11400,1628.57,O(iters * E),2.0474,0.0,,
V0T,D4_MTD,T_meanvar_z,0.5,0.991667,0.007155,0.0,0.0,18,2.57,O(k),2.0474,0.0,,
V1,D4_MTD,T1_mean,0.5,0.99,0.007797,0.0,0.0,7,1.0,O(k),2.0474,,0.5,0.2555
V1,D4_MTD,T2_SL,0.5,0.99,0.007797,0.0,0.0,20,2.86,O(k),2.0474,,0.5,0.2555
V1,D4_MTD,T3_Beta,0.5,0.99,0.007797,0.0,0.0,20,2.86,O(k),2.0474,,0.5,0.2555
V1,D4_MTD,T5_TFLDT,0.5,0.973333,0.015202,0.0,0.0,20,2.86,O(k + deg),2.0474,,0.5,0.2555
V1,D4_MTD,T_max,0.5,0.975,0.013437,0.0,0.0,6,0.86,O(k),2.0474,,0.5,0.2555
V1,D4_MTD,T_median,0.5,0.963333,0.020014,0.0,0.0,16,2.29,O(k log k),2.0474,,0.5,0.2555
V1,D4_MTD,T4_EigenTrust,0.5,0.411667,0.056572,0.0,0.0,11400,1628.57,O(iters * E),2.0474,,0.5,0.2555
V1,D4_MTD,T_meanvar_z,0.5,0.983333,0.010889,0.0,0.0,18,2.57,O(k),2.0474,,0.5,0.2555
V1T,D4_MTD,T1_mean,0.5,1.0,0.0,0.0,0.01,7,1.0,O(k),2.0474,,0.5,0.6303
V1T,D4_MTD,T2_SL,0.5,1.0,0.0,0.0,0.01,20,2.86,O(k),2.0474,,0.5,0.6303
V1T,D4_MTD,T3_Beta,0.5,1.0,0.0,0.0,0.01,20,2.86,O(k),2.0474,,0.5,0.6303
V1T,D4_MTD,T5_TFLDT,0.5,1.0,0.0,0.0,0.01,20,2.86,O(k + deg),2.0474,,0.5,0.6303
V1T,D4_MTD,T_max,0.5,0.996667,0.004596,0.0,0.01,6,0.86,O(k),2.0474,,0.5,0.6303
V1T,D4_MTD,T_median,0.5,1.0,0.0,0.0,0.01,16,2.29,O(k log k),2.0474,,0.5,0.6303
V1T,D4_MTD,T4_EigenTrust,0.5,0.638333,0.059831,0.0,0.01,11400,1628.57,O(iters * E),2.0474,,0.5,0.6303
V1T,D4_MTD,T_meanvar_z,0.5,0.998333,0.003267,0.0,0.01,18,2.57,O(k),2.0474,,0.5,0.6303
V0,D4_MTD,T1_mean,0.6,1.0,0.0,0.0,0.0,7,1.0,O(k),2.0474,0.0,,
V0,D4_MTD,T2_SL,0.6,1.0,0.0,0.0,0.0,20,2.86,O(k),2.0474,0.0,,
V0,D4_MTD,T3_Beta,0.6,1.0,0.0,0.0,0.0,20,2.86,O(k),2.0474,0.0,,
V0,D4_MTD,T5_TFLDT,0.6,0.996667,0.004596,0.0,0.0,20,2.86,O(k + deg),2.0474,0.0,,
V0,D4_MTD,T_max,0.6,1.0,0.0,0.0,0.0,6,0.86,O(k),2.0474,0.0,,
V0,D4_MTD,T_median,0.6,1.0,0.0,0.0,0.0,16,2.29,O(k log k),2.0474,0.0,,
V0,D4_MTD,T4_EigenTrust,0.6,0.385,0.056997,0.0,0.0,11400,1628.57,O(iters * E),2.0474,0.0,,
V0,D4_MTD,T_meanvar_z,0.6,1.0,0.0,0.0,0.0,18,2.57,O(k),2.0474,0.0,,
V0T,D4_MTD,T1_mean,0.6,1.0,0.0,0.0,0.0,7,1.0,O(k),2.0474,0.0,,
V0T,D4_MTD,T2_SL,0.6,1.0,0.0,0.0,0.0,20,2.86,O(k),2.0474,0.0,,
V0T,D4_MTD,T3_Beta,0.6,1.0,0.0,0.0,0.0,20,2.86,O(k),2.0474,0.0,,
V0T,D4_MTD,T5_TFLDT,0.6,0.996667,0.004596,0.0,0.0,20,2.86,O(k + deg),2.0474,0.0,,
V0T,D4_MTD,T_max,0.6,1.0,0.0,0.0,0.0,6,0.86,O(k),2.0474,0.0,,
V0T,D4_MTD,T_median,0.6,1.0,0.0,0.0,0.0,16,2.29,O(k log k),2.0474,0.0,,
V0T,D4_MTD,T4_EigenTrust,0.6,0.385,0.056997,0.0,0.0,11400,1628.57,O(iters * E),2.0474,0.0,,
V0T,D4_MTD,T_meanvar_z,0.6,1.0,0.0,0.0,0.0,18,2.57,O(k),2.0474,0.0,,
V1,D4_MTD,T1_mean,0.6,0.986667,0.008907,0.0,0.0,7,1.0,O(k),2.0474,,0.4,0.2071
V1,D4_MTD,T2_SL,0.6,0.986667,0.008907,0.0,0.0,20,2.86,O(k),2.0474,,0.4,0.2071
V1,D4_MTD,T3_Beta,0.6,0.986667,0.008907,0.0,0.0,20,2.86,O(k),2.0474,,0.4,0.2071
V1,D4_MTD,T5_TFLDT,0.6,0.98,0.012528,0.0,0.0,20,2.86,O(k + deg),2.0474,,0.4,0.2071
V1,D4_MTD,T_max,0.6,0.988333,0.008377,0.0,0.0,6,0.86,O(k),2.0474,,0.4,0.2071
V1,D4_MTD,T_median,0.6,0.958333,0.016333,0.0,0.0,16,2.29,O(k log k),2.0474,,0.4,0.2071
V1,D4_MTD,T4_EigenTrust,0.6,0.501667,0.055619,0.0,0.0,11400,1628.57,O(iters * E),2.0474,,0.4,0.2071
V1,D4_MTD,T_meanvar_z,0.6,0.988333,0.008377,0.0,0.0,18,2.57,O(k),2.0474,,0.4,0.2071
V1T,D4_MTD,T1_mean,0.6,1.0,0.0,0.0,0.01,7,1.0,O(k),2.0474,,0.4,0.6233
V1T,D4_MTD,T2_SL,0.6,1.0,0.0,0.0,0.01,20,2.86,O(k),2.0474,,0.4,0.6233
V1T,D4_MTD,T3_Beta,0.6,1.0,0.0,0.0,0.01,20,2.86,O(k),2.0474,,0.4,0.6233
V1T,D4_MTD,T5_TFLDT,0.6,1.0,0.0,0.0,0.01,20,2.86,O(k + deg),2.0474,,0.4,0.6233
V1T,D4_MTD,T_max,0.6,0.996667,0.004596,0.0,0.01,6,0.86,O(k),2.0474,,0.4,0.6233
V1T,D4_MTD,T_median,0.6,1.0,0.0,0.0,0.01,16,2.29,O(k log k),2.0474,,0.4,0.6233
V1T,D4_MTD,T4_EigenTrust,0.6,0.673333,0.057977,0.0,0.01,11400,1628.57,O(iters * E),2.0474,,0.4,0.6233
V1T,D4_MTD,T_meanvar_z,0.6,0.998333,0.003267,0.0,0.01,18,2.57,O(k),2.0474,,0.4,0.6233
V0,D4_MTD,T1_mean,0.7,1.0,0.0,0.0,0.0,7,1.0,O(k),2.0474,0.0,,
V0,D4_MTD,T2_SL,0.7,1.0,0.0,0.0,0.0,20,2.86,O(k),2.0474,0.0,,
V0,D4_MTD,T3_Beta,0.7,1.0,0.0,0.0,0.0,20,2.86,O(k),2.0474,0.0,,
V0,D4_MTD,T5_TFLDT,0.7,0.998333,0.003267,0.0,0.0,20,2.86,O(k + deg),2.0474,0.0,,
V0,D4_MTD,T_max,0.7,1.0,0.0,0.0,0.0,6,0.86,O(k),2.0474,0.0,,
V0,D4_MTD,T_median,0.7,1.0,0.0,0.0,0.0,16,2.29,O(k log k),2.0474,0.0,,
V0,D4_MTD,T4_EigenTrust,0.7,0.533333,0.060181,0.0,0.0,11400,1628.57,O(iters * E),2.0474,0.0,,
V0,D4_MTD,T_meanvar_z,0.7,1.0,0.0,0.0,0.0,18,2.57,O(k),2.0474,0.0,,
V0T,D4_MTD,T1_mean,0.7,1.0,0.0,0.0,0.0,7,1.0,O(k),2.0474,0.0,,
V0T,D4_MTD,T2_SL,0.7,1.0,0.0,0.0,0.0,20,2.86,O(k),2.0474,0.0,,
V0T,D4_MTD,T3_Beta,0.7,1.0,0.0,0.0,0.0,20,2.86,O(k),2.0474,0.0,,
V0T,D4_MTD,T5_TFLDT,0.7,0.998333,0.003267,0.0,0.0,20,2.86,O(k + deg),2.0474,0.0,,
V0T,D4_MTD,T_max,0.7,1.0,0.0,0.0,0.0,6,0.86,O(k),2.0474,0.0,,
V0T,D4_MTD,T_median,0.7,1.0,0.0,0.0,0.0,16,2.29,O(k log k),2.0474,0.0,,
V0T,D4_MTD,T4_EigenTrust,0.7,0.533333,0.060181,0.0,0.0,11400,1628.57,O(iters * E),2.0474,0.0,,
V0T,D4_MTD,T_meanvar_z,0.7,1.0,0.0,0.0,0.0,18,2.57,O(k),2.0474,0.0,,
V1,D4_MTD,T1_mean,0.7,0.99,0.009075,0.0,0.0,7,1.0,O(k),2.0474,,0.3,0.1211
V1,D4_MTD,T2_SL,0.7,0.99,0.009075,0.0,0.0,20,2.86,O(k),2.0474,,0.3,0.1211
V1,D4_MTD,T3_Beta,0.7,0.99,0.009075,0.0,0.0,20,2.86,O(k),2.0474,,0.3,0.1211
V1,D4_MTD,T5_TFLDT,0.7,0.986667,0.010044,0.0,0.0,20,2.86,O(k + deg),2.0474,,0.3,0.1211
V1,D4_MTD,T_max,0.7,0.99,0.007797,0.0,0.0,6,0.86,O(k),2.0474,,0.3,0.1211
V1,D4_MTD,T_median,0.7,0.966667,0.016741,0.0,0.0,16,2.29,O(k log k),2.0474,,0.3,0.1211
V1,D4_MTD,T4_EigenTrust,0.7,0.558333,0.055206,0.0,0.0,11400,1628.57,O(iters * E),2.0474,,0.3,0.1211
V1,D4_MTD,T_meanvar_z,0.7,0.991667,0.007155,0.0,0.0,18,2.57,O(k),2.0474,,0.3,0.1211
V1T,D4_MTD,T1_mean,0.7,1.0,0.0,0.0,0.0,7,1.0,O(k),2.0474,,0.3,0.5995
V1T,D4_MTD,T2_SL,0.7,1.0,0.0,0.0,0.0,20,2.86,O(k),2.0474,,0.3,0.5995
V1T,D4_MTD,T3_Beta,0.7,1.0,0.0,0.0,0.0,20,2.86,O(k),2.0474,,0.3,0.5995
V1T,D4_MTD,T5_TFLDT,0.7,1.0,0.0,0.0,0.0,20,2.86,O(k + deg),2.0474,,0.3,0.5995
V1T,D4_MTD,T_max,0.7,0.998333,0.003267,0.0,0.0,6,0.86,O(k),2.0474,,0.3,0.5995
V1T,D4_MTD,T_median,0.7,1.0,0.0,0.0,0.0,16,2.29,O(k log k),2.0474,,0.3,0.5995
V1T,D4_MTD,T4_EigenTrust,0.7,0.718333,0.055269,0.0,0.0,11400,1628.57,O(iters * E),2.0474,,0.3,0.5995
V1T,D4_MTD,T_meanvar_z,0.7,1.0,0.0,0.0,0.0,18,2.57,O(k),2.0474,,0.3,0.5995
V0,D4_MTD,T1_mean,0.8,1.0,0.0,0.0,0.0,7,1.0,O(k),2.0474,0.0,,
V0,D4_MTD,T2_SL,0.8,1.0,0.0,0.0,0.0,20,2.86,O(k),2.0474,0.0,,
V0,D4_MTD,T3_Beta,0.8,1.0,0.0,0.0,0.0,20,2.86,O(k),2.0474,0.0,,
V0,D4_MTD,T5_TFLDT,0.8,1.0,0.0,0.0,0.0,20,2.86,O(k + deg),2.0474,0.0,,
V0,D4_MTD,T_max,0.8,1.0,0.0,0.0,0.0,6,0.86,O(k),2.0474,0.0,,
V0,D4_MTD,T_median,0.8,1.0,0.0,0.0,0.0,16,2.29,O(k log k),2.0474,0.0,,
V0,D4_MTD,T4_EigenTrust,0.8,0.625,0.061487,0.0,0.0,11400,1628.57,O(iters * E),2.0474,0.0,,
V0,D4_MTD,T_meanvar_z,0.8,1.0,0.0,0.0,0.0,18,2.57,O(k),2.0474,0.0,,
V0T,D4_MTD,T1_mean,0.8,1.0,0.0,0.0,0.0,7,1.0,O(k),2.0474,0.0,,
V0T,D4_MTD,T2_SL,0.8,1.0,0.0,0.0,0.0,20,2.86,O(k),2.0474,0.0,,
V0T,D4_MTD,T3_Beta,0.8,1.0,0.0,0.0,0.0,20,2.86,O(k),2.0474,0.0,,
V0T,D4_MTD,T5_TFLDT,0.8,1.0,0.0,0.0,0.0,20,2.86,O(k + deg),2.0474,0.0,,
V0T,D4_MTD,T_max,0.8,1.0,0.0,0.0,0.0,6,0.86,O(k),2.0474,0.0,,
V0T,D4_MTD,T_median,0.8,1.0,0.0,0.0,0.0,16,2.29,O(k log k),2.0474,0.0,,
V0T,D4_MTD,T4_EigenTrust,0.8,0.625,0.061487,0.0,0.0,11400,1628.57,O(iters * E),2.0474,0.0,,
V0T,D4_MTD,T_meanvar_z,0.8,1.0,0.0,0.0,0.0,18,2.57,O(k),2.0474,0.0,,
V1,D4_MTD,T1_mean,0.8,0.996667,0.004596,0.0,0.0,7,1.0,O(k),2.0474,,0.161,0.0
V1,D4_MTD,T2_SL,0.8,0.996667,0.004596,0.0,0.0,20,2.86,O(k),2.0474,,0.161,0.0
V1,D4_MTD,T3_Beta,0.8,0.996667,0.004596,0.0,0.0,20,2.86,O(k),2.0474,,0.161,0.0
V1,D4_MTD,T5_TFLDT,0.8,0.986667,0.010044,0.0,0.0,20,2.86,O(k + deg),2.0474,,0.161,0.0
V1,D4_MTD,T_max,0.8,0.996667,0.004596,0.0,0.0,6,0.86,O(k),2.0474,,0.161,0.0
V1,D4_MTD,T_median,0.8,0.97,0.016337,0.0,0.0,16,2.29,O(k log k),2.0474,,0.161,0.0
V1,D4_MTD,T4_EigenTrust,0.8,0.66,0.054329,0.0,0.0,11400,1628.57,O(iters * E),2.0474,,0.161,0.0
V1,D4_MTD,T_meanvar_z,0.8,0.996667,0.004596,0.0,0.0,18,2.57,O(k),2.0474,,0.161,0.0
V1T,D4_MTD,T1_mean,0.8,1.0,0.0,0.0,0.0,7,1.0,O(k),2.0474,,0.2,0.546
V1T,D4_MTD,T2_SL,0.8,1.0,0.0,0.0,0.0,20,2.86,O(k),2.0474,,0.2,0.546
V1T,D4_MTD,T3_Beta,0.8,1.0,0.0,0.0,0.0,20,2.86,O(k),2.0474,,0.2,0.546
V1T,D4_MTD,T5_TFLDT,0.8,1.0,0.0,0.0,0.0,20,2.86,O(k + deg),2.0474,,0.2,0.546
V1T,D4_MTD,T_max,0.8,0.998333,0.003267,0.0,0.0,6,0.86,O(k),2.0474,,0.2,0.546
V1T,D4_MTD,T_median,0.8,1.0,0.0,0.0,0.0,16,2.29,O(k log k),2.0474,,0.2,0.546
V1T,D4_MTD,T4_EigenTrust,0.8,0.756667,0.051998,0.0,0.0,11400,1628.57,O(iters * E),2.0474,,0.2,0.546
V1T,D4_MTD,T_meanvar_z,0.8,0.998333,0.003267,0.0,0.0,18,2.57,O(k),2.0474,,0.2,0.546
V0,D4_MTD,T1_mean,0.9,1.0,0.0,0.0,0.0,7,1.0,O(k),2.0474,0.0,,
V0,D4_MTD,T2_SL,0.9,1.0,0.0,0.0,0.0,20,2.86,O(k),2.0474,0.0,,
V0,D4_MTD,T3_Beta,0.9,1.0,0.0,0.0,0.0,20,2.86,O(k),2.0474,0.0,,
V0,D4_MTD,T5_TFLDT,0.9,1.0,0.0,0.0,0.0,20,2.86,O(k + deg),2.0474,0.0,,
V0,D4_MTD,T_max,0.9,1.0,0.0,0.0,0.0,6,0.86,O(k),2.0474,0.0,,
V0,D4_MTD,T_median,0.9,1.0,0.0,0.0,0.0,16,2.29,O(k log k),2.0474,0.0,,
V0,D4_MTD,T4_EigenTrust,0.9,0.703333,0.053663,0.0,0.0,11400,1628.57,O(iters * E),2.0474,0.0,,
V0,D4_MTD,T_meanvar_z,0.9,1.0,0.0,0.0,0.0,18,2.57,O(k),2.0474,0.0,,
V0T,D4_MTD,T1_mean,0.9,1.0,0.0,0.0,0.0,7,1.0,O(k),2.0474,0.0,,
V0T,D4_MTD,T2_SL,0.9,1.0,0.0,0.0,0.0,20,2.86,O(k),2.0474,0.0,,
V0T,D4_MTD,T3_Beta,0.9,1.0,0.0,0.0,0.0,20,2.86,O(k),2.0474,0.0,,
V0T,D4_MTD,T5_TFLDT,0.9,1.0,0.0,0.0,0.0,20,2.86,O(k + deg),2.0474,0.0,,
V0T,D4_MTD,T_max,0.9,1.0,0.0,0.0,0.0,6,0.86,O(k),2.0474,0.0,,
V0T,D4_MTD,T_median,0.9,1.0,0.0,0.0,0.0,16,2.29,O(k log k),2.0474,0.0,,
V0T,D4_MTD,T4_EigenTrust,0.9,0.703333,0.053663,0.0,0.0,11400,1628.57,O(iters * E),2.0474,0.0,,
V0T,D4_MTD,T_meanvar_z,0.9,1.0,0.0,0.0,0.0,18,2.57,O(k),2.0474,0.0,,
V1,D4_MTD,T1_mean,0.9,1.0,0.0,0.0,0.0,7,1.0,O(k),2.0474,,0.0805,0.0
V1,D4_MTD,T2_SL,0.9,1.0,0.0,0.0,0.0,20,2.86,O(k),2.0474,,0.0805,0.0
V1,D4_MTD,T3_Beta,0.9,1.0,0.0,0.0,0.0,20,2.86,O(k),2.0474,,0.0805,0.0
V1,D4_MTD,T5_TFLDT,0.9,1.0,0.0,0.0,0.0,20,2.86,O(k + deg),2.0474,,0.0805,0.0
V1,D4_MTD,T_max,0.9,1.0,0.0,0.0,0.0,6,0.86,O(k),2.0474,,0.0805,0.0
V1,D4_MTD,T_median,0.9,0.995,0.005601,0.0,0.0,16,2.29,O(k log k),2.0474,,0.0805,0.0
V1,D4_MTD,T4_EigenTrust,0.9,0.761667,0.046023,0.0,0.0,11400,1628.57,O(iters * E),2.0474,,0.0805,0.0
V1,D4_MTD,T_meanvar_z,0.9,1.0,0.0,0.0,0.0,18,2.57,O(k),2.0474,,0.0805,0.0
V1T,D4_MTD,T1_mean,0.9,1.0,0.0,0.0,0.01,7,1.0,O(k),2.0474,,0.1,0.4055
V1T,D4_MTD,T2_SL,0.9,1.0,0.0,0.0,0.01,20,2.86,O(k),2.0474,,0.1,0.4055
V1T,D4_MTD,T3_Beta,0.9,1.0,0.0,0.0,0.01,20,2.86,O(k),2.0474,,0.1,0.4055
V1T,D4_MTD,T5_TFLDT,0.9,1.0,0.0,0.0,0.01,20,2.86,O(k + deg),2.0474,,0.1,0.4055
V1T,D4_MTD,T_max,0.9,1.0,0.0,0.0,0.01,6,0.86,O(k),2.0474,,0.1,0.4055
V1T,D4_MTD,T_median,0.9,1.0,0.0,0.0,0.01,16,2.29,O(k log k),2.0474,,0.1,0.4055
V1T,D4_MTD,T4_EigenTrust,0.9,0.803333,0.044384,0.0,0.01,11400,1628.57,O(iters * E),2.0474,,0.1,0.4055
V1T,D4_MTD,T_meanvar_z,0.9,1.0,0.0,0.0,0.01,18,2.57,O(k),2.0474,,0.1,0.4055
V0,D4_MTD,T1_mean,1.0,1.0,0.0,0.0,0.0,7,1.0,O(k),2.0474,0.0,,
V0,D4_MTD,T2_SL,1.0,1.0,0.0,0.0,0.0,20,2.86,O(k),2.0474,0.0,,
V0,D4_MTD,T3_Beta,1.0,1.0,0.0,0.0,0.0,20,2.86,O(k),2.0474,0.0,,
V0,D4_MTD,T5_TFLDT,1.0,1.0,0.0,0.0,0.0,20,2.86,O(k + deg),2.0474,0.0,,
V0,D4_MTD,T_max,1.0,1.0,0.0,0.0,0.0,6,0.86,O(k),2.0474,0.0,,
V0,D4_MTD,T_median,1.0,1.0,0.0,0.0,0.0,16,2.29,O(k log k),2.0474,0.0,,
V0,D4_MTD,T4_EigenTrust,1.0,0.866667,0.0423,0.0,0.0,11400,1628.57,O(iters * E),2.0474,0.0,,
V0,D4_MTD,T_meanvar_z,1.0,1.0,0.0,0.0,0.0,18,2.57,O(k),2.0474,0.0,,
V0T,D4_MTD,T1_mean,1.0,1.0,0.0,0.0,0.0,7,1.0,O(k),2.0474,0.0,,
V0T,D4_MTD,T2_SL,1.0,1.0,0.0,0.0,0.0,20,2.86,O(k),2.0474,0.0,,
V0T,D4_MTD,T3_Beta,1.0,1.0,0.0,0.0,0.0,20,2.86,O(k),2.0474,0.0,,
V0T,D4_MTD,T5_TFLDT,1.0,1.0,0.0,0.0,0.0,20,2.86,O(k + deg),2.0474,0.0,,
V0T,D4_MTD,T_max,1.0,1.0,0.0,0.0,0.0,6,0.86,O(k),2.0474,0.0,,
V0T,D4_MTD,T_median,1.0,1.0,0.0,0.0,0.0,16,2.29,O(k log k),2.0474,0.0,,
V0T,D4_MTD,T4_EigenTrust,1.0,0.866667,0.0423,0.0,0.0,11400,1628.57,O(iters * E),2.0474,0.0,,
V0T,D4_MTD,T_meanvar_z,1.0,1.0,0.0,0.0,0.0,18,2.57,O(k),2.0474,0.0,,
V1,D4_MTD,T1_mean,1.0,1.0,0.0,0.0,0.0,7,1.0,O(k),2.0474,,0.0,0.2698
V1,D4_MTD,T2_SL,1.0,1.0,0.0,0.0,0.0,20,2.86,O(k),2.0474,,0.0,0.2698
V1,D4_MTD,T3_Beta,1.0,1.0,0.0,0.0,0.0,20,2.86,O(k),2.0474,,0.0,0.2698
V1,D4_MTD,T5_TFLDT,1.0,1.0,0.0,0.0,0.0,20,2.86,O(k + deg),2.0474,,0.0,0.2698
V1,D4_MTD,T_max,1.0,1.0,0.0,0.0,0.0,6,0.86,O(k),2.0474,,0.0,0.2698
V1,D4_MTD,T_median,1.0,1.0,0.0,0.0,0.0,16,2.29,O(k log k),2.0474,,0.0,0.2698
V1,D4_MTD,T4_EigenTrust,1.0,0.87,0.041158,0.0,0.0,11400,1628.57,O(iters * E),2.0474,,0.0,0.2698
V1,D4_MTD,T_meanvar_z,1.0,1.0,0.0,0.0,0.0,18,2.57,O(k),2.0474,,0.0,0.2698
V1T,D4_MTD,T1_mean,1.0,1.0,0.0,0.0,0.0,7,1.0,O(k),2.0474,,0.0,0.2698
V1T,D4_MTD,T2_SL,1.0,1.0,0.0,0.0,0.0,20,2.86,O(k),2.0474,,0.0,0.2698
V1T,D4_MTD,T3_Beta,1.0,1.0,0.0,0.0,0.0,20,2.86,O(k),2.0474,,0.0,0.2698
V1T,D4_MTD,T5_TFLDT,1.0,1.0,0.0,0.0,0.0,20,2.86,O(k + deg),2.0474,,0.0,0.2698
V1T,D4_MTD,T_max,1.0,1.0,0.0,0.0,0.0,6,0.86,O(k),2.0474,,0.0,0.2698
V1T,D4_MTD,T_median,1.0,1.0,0.0,0.0,0.0,16,2.29,O(k log k),2.0474,,0.0,0.2698
V1T,D4_MTD,T4_EigenTrust,1.0,0.87,0.041158,0.0,0.0,11400,1628.57,O(iters * E),2.0474,,0.0,0.2698
V1T,D4_MTD,T_meanvar_z,1.0,1.0,0.0,0.0,0.0,18,2.57,O(k),2.0474,,0.0,0.2698
V0,D5_Stochastic,T1_mean,0.1,0.0,0.0,1.0,0.46,7,1.0,O(k),2.5003,0.3,,
V0,D5_Stochastic,T2_SL,0.1,0.0,0.0,1.0,0.46,20,2.86,O(k),2.5003,0.3,,
V0,D5_Stochastic,T3_Beta,0.1,0.0,0.0,1.0,0.46,20,2.86,O(k),2.5003,0.3,,
V0,D5_Stochastic,T5_TFLDT,0.1,0.0,0.0,1.0,0.46,20,2.86,O(k + deg),2.5003,0.3,,
V0,D5_Stochastic,T_max,0.1,0.373,0.043947,0.46,0.46,6,0.86,O(k),2.5003,0.3,,
V0,D5_Stochastic,T_median,0.1,0.0,0.0,1.0,0.46,16,2.29,O(k log k),2.5003,0.3,,
V0,D5_Stochastic,T4_EigenTrust,0.1,0.035,0.01628,0.75,0.46,11400,1628.57,O(iters * E),2.5003,0.3,,
V0,D5_Stochastic,T_meanvar_z,0.1,0.406,0.040947,0.12,0.46,18,2.57,O(k),2.5003,0.3,,
V0T,D5_Stochastic,T1_mean,0.1,0.0,0.0,1.0,0.46,7,1.0,O(k),2.5003,0.3,,
V0T,D5_Stochastic,T2_SL,0.1,0.0,0.0,1.0,0.46,20,2.86,O(k),2.5003,0.3,,
V0T,D5_Stochastic,T3_Beta,0.1,0.0,0.0,1.0,0.46,20,2.86,O(k),2.5003,0.3,,
V0T,D5_Stochastic,T5_TFLDT,0.1,0.0,0.0,1.0,0.46,20,2.86,O(k + deg),2.5003,0.3,,
V0T,D5_Stochastic,T_max,0.1,0.373,0.043947,0.46,0.46,6,0.86,O(k),2.5003,0.3,,
V0T,D5_Stochastic,T_median,0.1,0.0,0.0,1.0,0.46,16,2.29,O(k log k),2.5003,0.3,,
V0T,D5_Stochastic,T4_EigenTrust,0.1,0.035,0.01628,0.75,0.46,11400,1628.57,O(iters * E),2.5003,0.3,,
V0T,D5_Stochastic,T_meanvar_z,0.1,0.406,0.040947,0.12,0.46,18,2.57,O(k),2.5003,0.3,,
V1,D5_Stochastic,T1_mean,0.1,0.291667,0.048558,0.06,0.84,7,1.0,O(k),2.5003,,0.9,0.5042
V1,D5_Stochastic,T2_SL,0.1,0.291667,0.048558,0.06,0.84,20,2.86,O(k),2.5003,,0.9,0.5042
V1,D5_Stochastic,T3_Beta,0.1,0.291667,0.048558,0.06,0.84,20,2.86,O(k),2.5003,,0.9,0.5042
V1,D5_Stochastic,T5_TFLDT,0.1,0.281667,0.048407,0.06,0.84,20,2.86,O(k + deg),2.5003,,0.9,0.5042
V1,D5_Stochastic,T_max,0.1,0.401,0.042182,0.07,0.84,6,0.86,O(k),2.5003,,0.9,0.5042
V1,D5_Stochastic,T_median,0.1,0.205,0.042007,0.17,0.84,16,2.29,O(k log k),2.5003,,0.9,0.5042
V1,D5_Stochastic,T4_EigenTrust,0.1,0.126667,0.03352,0.24,0.84,11400,1628.57,O(iters * E),2.5003,,0.9,0.5042
V1,D5_Stochastic,T_meanvar_z,0.1,0.309,0.049902,0.03,0.84,18,2.57,O(k),2.5003,,0.9,0.5042
V1T,D5_Stochastic,T1_mean,0.1,0.028333,0.015438,0.97,0.39,7,1.0,O(k),2.5003,,0.8941,0.3044
V1T,D5_Stochastic,T2_SL,0.1,0.028333,0.015438,0.97,0.39,20,2.86,O(k),2.5003,,0.8941,0.3044
V1T,D5_Stochastic,T3_Beta,0.1,0.028333,0.015438,0.97,0.39,20,2.86,O(k),2.5003,,0.8941,0.3044
V1T,D5_Stochastic,T5_TFLDT,0.1,0.025,0.014955,0.96,0.39,20,2.86,O(k + deg),2.5003,,0.8941,0.3044
V1T,D5_Stochastic,T_max,0.1,0.322667,0.041288,0.55,0.39,6,0.86,O(k),2.5003,,0.8941,0.3044
V1T,D5_Stochastic,T_median,0.1,0.015,0.01048,0.99,0.39,16,2.29,O(k log k),2.5003,,0.8941,0.3044
V1T,D5_Stochastic,T4_EigenTrust,0.1,0.046667,0.018619,0.68,0.39,11400,1628.57,O(iters * E),2.5003,,0.8941,0.3044
V1T,D5_Stochastic,T_meanvar_z,0.1,0.369333,0.042287,0.11,0.39,18,2.57,O(k),2.5003,,0.8941,0.3044
V0,D5_Stochastic,T1_mean,0.2,0.015,0.01048,0.96,0.67,7,1.0,O(k),2.5003,0.3,,
V0,D5_Stochastic,T2_SL,0.2,0.015,0.01048,0.96,0.67,20,2.86,O(k),2.5003,0.3,,
V0,D5_Stochastic,T3_Beta,0.2,0.015,0.01048,0.96,0.67,20,2.86,O(k),2.5003,0.3,,
V0,D5_Stochastic,T5_TFLDT,0.2,0.02,0.011635,0.96,0.67,20,2.86,O(k + deg),2.5003,0.3,,
V0,D5_Stochastic,T_max,0.2,0.723333,0.040536,0.0,0.67,6,0.86,O(k),2.5003,0.3,,
V0,D5_Stochastic,T_median,0.2,0.006667,0.006434,1.0,0.67,16,2.29,O(k log k),2.5003,0.3,,
V0,D5_Stochastic,T4_EigenTrust,0.2,0.081667,0.028807,0.58,0.67,11400,1628.57,O(iters * E),2.5003,0.3,,
V0,D5_Stochastic,T_meanvar_z,0.2,0.803,0.032622,0.0,0.67,18,2.57,O(k),2.5003,0.3,,
V0T,D5_Stochastic,T1_mean,0.2,0.015,0.01048,0.96,0.67,7,1.0,O(k),2.5003,0.3,,
V0T,D5_Stochastic,T2_SL,0.2,0.015,0.01048,0.96,0.67,20,2.86,O(k),2.5003,0.3,,
V0T,D5_Stochastic,T3_Beta,0.2,0.015,0.01048,0.96,0.67,20,2.86,O(k),2.5003,0.3,,
V0T,D5_Stochastic,T5_TFLDT,0.2,0.02,0.011635,0.96,0.67,20,2.86,O(k + deg),2.5003,0.3,,
V0T,D5_Stochastic,T_max,0.2,0.723333,0.040536,0.0,0.67,6,0.86,O(k),2.5003,0.3,,
V0T,D5_Stochastic,T_median,0.2,0.006667,0.006434,1.0,0.67,16,2.29,O(k log k),2.5003,0.3,,
V0T,D5_Stochastic,T4_EigenTrust,0.2,0.081667,0.028807,0.58,0.67,11400,1628.57,O(iters * E),2.5003,0.3,,
V0T,D5_Stochastic,T_meanvar_z,0.2,0.803,0.032622,0.0,0.67,18,2.57,O(k),2.5003,0.3,,
V1,D5_Stochastic,T1_mean,0.2,0.472333,0.053707,0.01,0.89,7,1.0,O(k),2.5003,,0.8,0.5117
V1,D5_Stochastic,T2_SL,0.2,0.472333,0.053707,0.01,0.89,20,2.86,O(k),2.5003,,0.8,0.5117
V1,D5_Stochastic,T3_Beta,0.2,0.472333,0.053707,0.01,0.89,20,2.86,O(k),2.5003,,0.8,0.5117
V1,D5_Stochastic,T5_TFLDT,0.2,0.474333,0.053746,0.01,0.89,20,2.86,O(k + deg),2.5003,,0.8,0.5117
V1,D5_Stochastic,T_max,0.2,0.59,0.043659,0.01,0.89,6,0.86,O(k),2.5003,,0.8,0.5117
V1,D5_Stochastic,T_median,0.2,0.342333,0.045358,0.03,0.89,16,2.29,O(k log k),2.5003,,0.8,0.5117
V1,D5_Stochastic,T4_EigenTrust,0.2,0.153333,0.036465,0.15,0.89,11400,1628.57,O(iters * E),2.5003,,0.8,0.5117
V1,D5_Stochastic,T_meanvar_z,0.2,0.489667,0.049667,0.0,0.89,18,2.57,O(k),2.5003,,0.8,0.5117
V1T,D5_Stochastic,T1_mean,0.2,0.342333,0.051375,0.06,0.87,7,1.0,O(k),2.5003,,0.793,0.47
V1T,D5_Stochastic,T2_SL,0.2,0.342333,0.051375,0.06,0.87,20,2.86,O(k),2.5003,,0.793,0.47
V1T,D5_Stochastic,T3_Beta,0.2,0.342333,0.051375,0.06,0.87,20,2.86,O(k),2.5003,,0.793,0.47
V1T,D5_Stochastic,T5_TFLDT,0.2,0.337333,0.050447,0.05,0.87,20,2.86,O(k + deg),2.5003,,0.793,0.47
V1T,D5_Stochastic,T_max,0.2,0.561667,0.043963,0.01,0.87,6,0.86,O(k),2.5003,,0.793,0.47
V1T,D5_Stochastic,T_median,0.2,0.247,0.045351,0.2,0.87,16,2.29,O(k log k),2.5003,,0.793,0.47
V1T,D5_Stochastic,T4_EigenTrust,0.2,0.131667,0.033896,0.2,0.87,11400,1628.57,O(iters * E),2.5003,,0.793,0.47
V1T,D5_Stochastic,T_meanvar_z,0.2,0.468,0.049634,0.0,0.87,18,2.57,O(k),2.5003,,0.793,0.47
V0,D5_Stochastic,T1_mean,0.3,0.095,0.027175,0.47,0.77,7,1.0,O(k),2.5003,0.3,,
V0,D5_Stochastic,T2_SL,0.3,0.095,0.027175,0.47,0.77,20,2.86,O(k),2.5003,0.3,,
V0,D5_Stochastic,T3_Beta,0.3,0.095,0.027175,0.47,0.77,20,2.86,O(k),2.5003,0.3,,
V0,D5_Stochastic,T5_TFLDT,0.3,0.093333,0.026801,0.47,0.77,20,2.86,O(k + deg),2.5003,0.3,,
V0,D5_Stochastic,T_max,0.3,0.843333,0.034999,0.0,0.77,6,0.86,O(k),2.5003,0.3,,
V0,D5_Stochastic,T_median,0.3,0.045,0.017895,0.98,0.77,16,2.29,O(k log k),2.5003,0.3,,
V0,D5_Stochastic,T4_EigenTrust,0.3,0.101667,0.033124,0.35,0.77,11400,1628.57,O(iters * E),2.5003,0.3,,
V0,D5_Stochastic,T_meanvar_z,0.3,0.923333,0.020461,0.0,0.77,18,2.57,O(k),2.5003,0.3,,
V0T,D5_Stochastic,T1_mean,0.3,0.095,0.027175,0.47,0.77,7,1.0,O(k),2.5003,0.3,,
V0T,D5_Stochastic,T2_SL,0.3,0.095,0.027175,0.47,0.77,20,2.86,O(k),2.5003,0.3,,
V0T,D5_Stochastic,T3_Beta,0.3,0.095,0.027175,0.47,0.77,20,2.86,O(k),2.5003,0.3,,
V0T,D5_Stochastic,T5_TFLDT,0.3,0.093333,0.026801,0.47,0.77,20,2.86,O(k + deg),2.5003,0.3,,
V0T,D5_Stochastic,T_max,0.3,0.843333,0.034999,0.0,0.77,6,0.86,O(k),2.5003,0.3,,
V0T,D5_Stochastic,T_median,0.3,0.045,0.017895,0.98,0.77,16,2.29,O(k log k),2.5003,0.3,,
V0T,D5_Stochastic,T4_EigenTrust,0.3,0.101667,0.033124,0.35,0.77,11400,1628.57,O(iters * E),2.5003,0.3,,
V0T,D5_Stochastic,T_meanvar_z,0.3,0.923333,0.020461,0.0,0.77,18,2.57,O(k),2.5003,0.3,,
V1,D5_Stochastic,T1_mean,0.3,0.623,0.049658,0.0,0.89,7,1.0,O(k),2.5003,,0.7,0.5081
V1,D5_Stochastic,T2_SL,0.3,0.623,0.049658,0.0,0.89,20,2.86,O(k),2.5003,,0.7,0.5081
V1,D5_Stochastic,T3_Beta,0.3,0.623,0.049658,0.0,0.89,20,2.86,O(k),2.5003,,0.7,0.5081
V1,D5_Stochastic,T5_TFLDT,0.3,0.618,0.049803,0.0,0.89,20,2.86,O(k + deg),2.5003,,0.7,0.5081
V1,D5_Stochastic,T_max,0.3,0.715,0.037518,0.0,0.89,6,0.86,O(k),2.5003,,0.7,0.5081
V1,D5_Stochastic,T_median,0.3,0.476,0.048839,0.01,0.89,16,2.29,O(k log k),2.5003,,0.7,0.5081
V1,D5_Stochastic,T4_EigenTrust,0.3,0.183333,0.03926,0.09,0.89,11400,1628.57,O(iters * E),2.5003,,0.7,0.5081
V1,D5_Stochastic,T_meanvar_z,0.3,0.638,0.048439,0.0,0.89,18,2.57,O(k),2.5003,,0.7,0.5081
V1T,D5_Stochastic,T1_mean,0.3,0.629667,0.049868,0.0,0.9,7,1.0,O(k),2.5003,,0.7,0.5106
V1T,D5_Stochastic,T2_SL,0.3,0.629667,0.049868,0.0,0.9,20,2.86,O(k),2.5003,,0.7,0.5106
V1T,D5_Stochastic,T3_Beta,0.3,0.629667,0.049868,0.0,0.9,20,2.86,O(k),2.5003,,0.7,0.5106
V1T,D5_Stochastic,T5_TFLDT,0.3,0.621333,0.049709,0.0,0.9,20,2.86,O(k + deg),2.5003,,0.7,0.5106
V1T,D5_Stochastic,T_max,0.3,0.715,0.037518,0.0,0.9,6,0.86,O(k),2.5003,,0.7,0.5106
V1T,D5_Stochastic,T_median,0.3,0.479333,0.048232,0.01,0.9,16,2.29,O(k log k),2.5003,,0.7,0.5106
V1T,D5_Stochastic,T4_EigenTrust,0.3,0.185,0.039094,0.09,0.9,11400,1628.57,O(iters * E),2.5003,,0.7,0.5106
V1T,D5_Stochastic,T_meanvar_z,0.3,0.643,0.047986,0.0,0.9,18,2.57,O(k),2.5003,,0.7,0.5106
V0,D5_Stochastic,T1_mean,0.4,0.23,0.044723,0.04,0.82,7,1.0,O(k),2.5003,0.3,,
V0,D5_Stochastic,T2_SL,0.4,0.23,0.044723,0.04,0.82,20,2.86,O(k),2.5003,0.3,,
V0,D5_Stochastic,T3_Beta,0.4,0.23,0.044723,0.04,0.82,20,2.86,O(k),2.5003,0.3,,
V0,D5_Stochastic,T5_TFLDT,0.4,0.226667,0.043684,0.06,0.82,20,2.86,O(k + deg),2.5003,0.3,,
V0,D5_Stochastic,T_max,0.4,0.875,0.029502,0.0,0.82,6,0.86,O(k),2.5003,0.3,,
V0,D5_Stochastic,T_median,0.4,0.143333,0.035971,0.68,0.82,16,2.29,O(k log k),2.5003,0.3,,
V0,D5_Stochastic,T4_EigenTrust,0.4,0.135,0.037633,0.22,0.82,11400,1628.57,O(iters * E),2.5003,0.3,,
V0,D5_Stochastic,T_meanvar_z,0.4,0.945,0.017407,0.0,0.82,18,2.57,O(k),2.5003,0.3,,
V0T,D5_Stochastic,T1_mean,0.4,0.23,0.044723,0.04,0.82,7,1.0,O(k),2.5003,0.3,,
V0T,D5_Stochastic,T2_SL,0.4,0.23,0.044723,0.04,0.82,20,2.86,O(k),2.5003,0.3,,
V0T,D5_Stochastic,T3_Beta,0.4,0.23,0.044723,0.04,0.82,20,2.86,O(k),2.5003,0.3,,
V0T,D5_Stochastic,T5_TFLDT,0.4,0.226667,0.043684,0.06,0.82,20,2.86,O(k + deg),2.5003,0.3,,
V0T,D5_Stochastic,T_max,0.4,0.875,0.029502,0.0,0.82,6,0.86,O(k),2.5003,0.3,,
V0T,D5_Stochastic,T_median,0.4,0.143333,0.035971,0.68,0.82,16,2.29,O(k log k),2.5003,0.3,,
V0T,D5_Stochastic,T4_EigenTrust,0.4,0.135,0.037633,0.22,0.82,11400,1628.57,O(iters * E),2.5003,0.3,,
V0T,D5_Stochastic,T_meanvar_z,0.4,0.945,0.017407,0.0,0.82,18,2.57,O(k),2.5003,0.3,,
V1,D5_Stochastic,T1_mean,0.4,0.733,0.047327,0.01,0.92,7,1.0,O(k),2.5003,,0.6,0.4949
V1,D5_Stochastic,T2_SL,0.4,0.733,0.047327,0.01,0.92,20,2.86,O(k),2.5003,,0.6,0.4949
V1,D5_Stochastic,T3_Beta,0.4,0.733,0.047327,0.01,0.92,20,2.86,O(k),2.5003,,0.6,0.4949
V1,D5_Stochastic,T5_TFLDT,0.4,0.733,0.043282,0.01,0.92,20,2.86,O(k + deg),2.5003,,0.6,0.4949
V1,D5_Stochastic,T_max,0.4,0.821667,0.036041,0.0,0.92,6,0.86,O(k),2.5003,,0.6,0.4949
V1,D5_Stochastic,T_median,0.4,0.583,0.046713,0.01,0.92,16,2.29,O(k log k),2.5003,,0.6,0.4949
V1,D5_Stochastic,T4_EigenTrust,0.4,0.22,0.042776,0.06,0.92,11400,1628.57,O(iters * E),2.5003,,0.6,0.4949
V1,D5_Stochastic,T_meanvar_z,0.4,0.763333,0.044578,0.0,0.92,18,2.57,O(k),2.5003,,0.6,0.4949
V1T,D5_Stochastic,T1_mean,0.4,0.815,0.039913,0.0,0.93,7,1.0,O(k),2.5003,,0.6,0.5369
V1T,D5_Stochastic,T2_SL,0.4,0.815,0.039913,0.0,0.93,20,2.86,O(k),2.5003,,0.6,0.5369
V1T,D5_Stochastic,T3_Beta,0.4,0.815,0.039913,0.0,0.93,20,2.86,O(k),2.5003,,0.6,0.5369
V1T,D5_Stochastic,T5_TFLDT,0.4,0.798333,0.03975,0.0,0.93,20,2.86,O(k + deg),2.5003,,0.6,0.5369
V1T,D5_Stochastic,T_max,0.4,0.828333,0.034886,0.0,0.93,6,0.86,O(k),2.5003,,0.6,0.5369
V1T,D5_Stochastic,T_median,0.4,0.671333,0.043625,0.0,0.93,16,2.29,O(k log k),2.5003,,0.6,0.5369
V1T,D5_Stochastic,T4_EigenTrust,0.4,0.236667,0.045298,0.03,0.93,11400,1628.57,O(iters * E),2.5003,,0.6,0.5369
V1T,D5_Stochastic,T_meanvar_z,0.4,0.771667,0.042971,0.0,0.93,18,2.57,O(k),2.5003,,0.6,0.5369
V0,D5_Stochastic,T1_mean,0.5,0.525,0.052811,0.0,0.86,7,1.0,O(k),2.5003,0.3,,
V0,D5_Stochastic,T2_SL,0.5,0.525,0.052811,0.0,0.86,20,2.86,O(k),2.5003,0.3,,
V0,D5_Stochastic,T3_Beta,0.5,0.525,0.052811,0.0,0.86,20,2.86,O(k),2.5003,0.3,,
V0,D5_Stochastic,T5_TFLDT,0.5,0.511667,0.054791,0.0,0.86,20,2.86,O(k + deg),2.5003,0.3,,
V0,D5_Stochastic,T_max,0.5,0.916667,0.024348,0.0,0.86,6,0.86,O(k),2.5003,0.3,,
V0,D5_Stochastic,T_median,0.5,0.513333,0.051844,0.01,0.86,16,2.29,O(k log k),2.5003,0.3,,
V0,D5_Stochastic,T4_EigenTrust,0.5,0.186667,0.04436,0.09,0.86,11400,1628.57,O(iters * E),2.5003,0.3,,
V0,D5_Stochastic,T_meanvar_z,0.5,0.956667,0.016494,0.0,0.86,18,2.57,O(k),2.5003,0.3,,
V0T,D5_Stochastic,T1_mean,0.5,0.525,0.052811,0.0,0.86,7,1.0,O(k),2.5003,0.3,,
V0T,D5_Stochastic,T2_SL,0.5,0.525,0.052811,0.0,0.86,20,2.86,O(k),2.5003,0.3,,
V0T,D5_Stochastic,T3_Beta,0.5,0.525,0.052811,0.0,0.86,20,2.86,O(k),2.5003,0.3,,
V0T,D5_Stochastic,T5_TFLDT,0.5,0.511667,0.054791,0.0,0.86,20,2.86,O(k + deg),2.5003,0.3,,
V0T,D5_Stochastic,T_max,0.5,0.916667,0.024348,0.0,0.86,6,0.86,O(k),2.5003,0.3,,
V0T,D5_Stochastic,T_median,0.5,0.513333,0.051844,0.01,0.86,16,2.29,O(k log k),2.5003,0.3,,
V0T,D5_Stochastic,T4_EigenTrust,0.5,0.186667,0.04436,0.09,0.86,11400,1628.57,O(iters * E),2.5003,0.3,,
V0T,D5_Stochastic,T_meanvar_z,0.5,0.956667,0.016494,0.0,0.86,18,2.57,O(k),2.5003,0.3,,
V1,D5_Stochastic,T1_mean,0.5,0.793333,0.043585,0.0,0.93,7,1.0,O(k),2.5003,,0.5,0.4708
V1,D5_Stochastic,T2_SL,0.5,0.793333,0.043585,0.0,0.93,20,2.86,O(k),2.5003,,0.5,0.4708
V1,D5_Stochastic,T3_Beta,0.5,0.793333,0.043585,0.0,0.93,20,2.86,O(k),2.5003,,0.5,0.4708
V1,D5_Stochastic,T5_TFLDT,0.5,0.766667,0.039123,0.0,0.93,20,2.86,O(k + deg),2.5003,,0.5,0.4708
V1,D5_Stochastic,T_max,0.5,0.878333,0.031782,0.0,0.93,6,0.86,O(k),2.5003,,0.5,0.4708
V1,D5_Stochastic,T_median,0.5,0.684667,0.044228,0.0,0.93,16,2.29,O(k log k),2.5003,,0.5,0.4708
V1,D5_Stochastic,T4_EigenTrust,0.5,0.246667,0.046542,0.03,0.93,11400,1628.57,O(iters * E),2.5003,,0.5,0.4708
V1,D5_Stochastic,T_meanvar_z,0.5,0.835,0.03641,0.0,0.93,18,2.57,O(k),2.5003,,0.5,0.4708
V1T,D5_Stochastic,T1_mean,0.5,0.886667,0.033119,0.0,0.94,7,1.0,O(k),2.5003,,0.5,0.5446
V1T,D5_Stochastic,T2_SL,0.5,0.886667,0.033119,0.0,0.94,20,2.86,O(k),2.5003,,0.5,0.5446
V1T,D5_Stochastic,T3_Beta,0.5,0.886667,0.033119,0.0,0.94,20,2.86,O(k),2.5003,,0.5,0.5446
V1T,D5_Stochastic,T5_TFLDT,0.5,0.873333,0.034157,0.0,0.94,20,2.86,O(k + deg),2.5003,,0.5,0.5446
V1T,D5_Stochastic,T_max,0.5,0.885,0.031041,0.0,0.94,6,0.86,O(k),2.5003,,0.5,0.5446
V1T,D5_Stochastic,T_median,0.5,0.79,0.039567,0.0,0.94,16,2.29,O(k log k),2.5003,,0.5,0.5446
V1T,D5_Stochastic,T4_EigenTrust,0.5,0.291667,0.049,0.02,0.94,11400,1628.57,O(iters * E),2.5003,,0.5,0.5446
V1T,D5_Stochastic,T_meanvar_z,0.5,0.848333,0.033832,0.0,0.94,18,2.57,O(k),2.5003,,0.5,0.5446
V0,D5_Stochastic,T1_mean,0.6,0.76,0.044853,0.0,0.87,7,1.0,O(k),2.5003,0.3,,
V0,D5_Stochastic,T2_SL,0.6,0.76,0.044853,0.0,0.87,20,2.86,O(k),2.5003,0.3,,
V0,D5_Stochastic,T3_Beta,0.6,0.76,0.044853,0.0,0.87,20,2.86,O(k),2.5003,0.3,,
V0,D5_Stochastic,T5_TFLDT,0.6,0.753333,0.046076,0.0,0.87,20,2.86,O(k + deg),2.5003,0.3,,
V0,D5_Stochastic,T_max,0.6,0.936667,0.021669,0.0,0.87,6,0.86,O(k),2.5003,0.3,,
V0,D5_Stochastic,T_median,0.6,0.856667,0.030454,0.0,0.87,16,2.29,O(k log k),2.5003,0.3,,
V0,D5_Stochastic,T4_EigenTrust,0.6,0.233333,0.048697,0.02,0.87,11400,1628.57,O(iters * E),2.5003,0.3,,
V0,D5_Stochastic,T_meanvar_z,0.6,0.973333,0.013711,0.0,0.87,18,2.57,O(k),2.5003,0.3,,
V0T,D5_Stochastic,T1_mean,0.6,0.76,0.044853,0.0,0.87,7,1.0,O(k),2.5003,0.3,,
V0T,D5_Stochastic,T2_SL,0.6,0.76,0.044853,0.0,0.87,20,2.86,O(k),2.5003,0.3,,
V0T,D5_Stochastic,T3_Beta,0.6,0.76,0.044853,0.0,0.87,20,2.86,O(k),2.5003,0.3,,
V0T,D5_Stochastic,T5_TFLDT,0.6,0.753333,0.046076,0.0,0.87,20,2.86,O(k + deg),2.5003,0.3,,
V0T,D5_Stochastic,T_max,0.6,0.936667,0.021669,0.0,0.87,6,0.86,O(k),2.5003,0.3,,
V0T,D5_Stochastic,T_median,0.6,0.856667,0.030454,0.0,0.87,16,2.29,O(k log k),2.5003,0.3,,
V0T,D5_Stochastic,T4_EigenTrust,0.6,0.233333,0.048697,0.02,0.87,11400,1628.57,O(iters * E),2.5003,0.3,,
V0T,D5_Stochastic,T_meanvar_z,0.6,0.973333,0.013711,0.0,0.87,18,2.57,O(k),2.5003,0.3,,
V1,D5_Stochastic,T1_mean,0.6,0.845,0.036634,0.0,0.92,7,1.0,O(k),2.5003,,0.4,0.4317
V1,D5_Stochastic,T2_SL,0.6,0.845,0.036634,0.0,0.92,20,2.86,O(k),2.5003,,0.4,0.4317
V1,D5_Stochastic,T3_Beta,0.6,0.845,0.036634,0.0,0.92,20,2.86,O(k),2.5003,,0.4,0.4317
V1,D5_Stochastic,T5_TFLDT,0.6,0.808333,0.035474,0.0,0.92,20,2.86,O(k + deg),2.5003,,0.4,0.4317
V1,D5_Stochastic,T_max,0.6,0.913333,0.025634,0.0,0.92,6,0.86,O(k),2.5003,,0.4,0.4317
V1,D5_Stochastic,T_median,0.6,0.786,0.039791,0.0,0.92,16,2.29,O(k log k),2.5003,,0.4,0.4317
V1,D5_Stochastic,T4_EigenTrust,0.6,0.301667,0.046822,0.02,0.92,11400,1628.57,O(iters * E),2.5003,,0.4,0.4317
V1,D5_Stochastic,T_meanvar_z,0.6,0.905,0.026369,0.0,0.92,18,2.57,O(k),2.5003,,0.4,0.4317
V1T,D5_Stochastic,T1_mean,0.6,0.921667,0.027254,0.0,0.95,7,1.0,O(k),2.5003,,0.4,0.5369
V1T,D5_Stochastic,T2_SL,0.6,0.921667,0.027254,0.0,0.95,20,2.86,O(k),2.5003,,0.4,0.5369
V1T,D5_Stochastic,T3_Beta,0.6,0.921667,0.027254,0.0,0.95,20,2.86,O(k),2.5003,,0.4,0.5369
V1T,D5_Stochastic,T5_TFLDT,0.6,0.911667,0.029164,0.0,0.95,20,2.86,O(k + deg),2.5003,,0.4,0.5369
V1T,D5_Stochastic,T_max,0.6,0.918333,0.025216,0.0,0.95,6,0.86,O(k),2.5003,,0.4,0.5369
V1T,D5_Stochastic,T_median,0.6,0.87,0.034302,0.0,0.95,16,2.29,O(k log k),2.5003,,0.4,0.5369
V1T,D5_Stochastic,T4_EigenTrust,0.6,0.37,0.055051,0.01,0.95,11400,1628.57,O(iters * E),2.5003,,0.4,0.5369
V1T,D5_Stochastic,T_meanvar_z,0.6,0.906667,0.026396,0.0,0.95,18,2.57,O(k),2.5003,,0.4,0.5369
V0,D5_Stochastic,T1_mean,0.7,0.893333,0.02844,0.0,0.91,7,1.0,O(k),2.5003,0.2,,
V0,D5_Stochastic,T2_SL,0.7,0.893333,0.02844,0.0,0.91,20,2.86,O(k),2.5003,0.2,,
V0,D5_Stochastic,T3_Beta,0.7,0.893333,0.02844,0.0,0.91,20,2.86,O(k),2.5003,0.2,,
V0,D5_Stochastic,T5_TFLDT,0.7,0.861667,0.03802,0.0,0.91,20,2.86,O(k + deg),2.5003,0.2,,
V0,D5_Stochastic,T_max,0.7,0.958333,0.01698,0.0,0.91,6,0.86,O(k),2.5003,0.2,,
V0,D5_Stochastic,T_median,0.7,0.963333,0.015102,0.0,0.91,16,2.29,O(k log k),2.5003,0.2,,
V0,D5_Stochastic,T4_EigenTrust,0.7,0.303333,0.052608,0.01,0.91,11400,1628.57,O(iters * E),2.5003,0.2,,
V0,D5_Stochastic,T_meanvar_z,0.7,0.981667,0.010273,0.0,0.91,18,2.57,O(k),2.5003,0.2,,
V0T,D5_Stochastic,T1_mean,0.7,0.893333,0.02844,0.0,0.91,7,1.0,O(k),2.5003,0.2,,
V0T,D5_Stochastic,T2_SL,0.7,0.893333,0.02844,0.0,0.91,20,2.86,O(k),2.5003,0.2,,
V0T,D5_Stochastic,T3_Beta,0.7,0.893333,0.02844,0.0,0.91,20,2.86,O(k),2.5003,0.2,,
V0T,D5_Stochastic,T5_TFLDT,0.7,0.861667,0.03802,0.0,0.91,20,2.86,O(k + deg),2.5003,0.2,,
V0T,D5_Stochastic,T_max,0.7,0.958333,0.01698,0.0,0.91,6,0.86,O(k),2.5003,0.2,,
V0T,D5_Stochastic,T_median,0.7,0.963333,0.015102,0.0,0.91,16,2.29,O(k log k),2.5003,0.2,,
V0T,D5_Stochastic,T4_EigenTrust,0.7,0.303333,0.052608,0.01,0.91,11400,1628.57,O(iters * E),2.5003,0.2,,
V0T,D5_Stochastic,T_meanvar_z,0.7,0.981667,0.010273,0.0,0.91,18,2.57,O(k),2.5003,0.2,,
V1,D5_Stochastic,T1_mean,0.7,0.866667,0.032831,0.0,0.94,7,1.0,O(k),2.5003,,0.3,0.3677
V1,D5_Stochastic,T2_SL,0.7,0.866667,0.032831,0.0,0.94,20,2.86,O(k),2.5003,,0.3,0.3677
V1,D5_Stochastic,T3_Beta,0.7,0.866667,0.032831,0.0,0.94,20,2.86,O(k),2.5003,,0.3,0.3677
V1,D5_Stochastic,T5_TFLDT,0.7,0.863333,0.029867,0.0,0.94,20,2.86,O(k + deg),2.5003,,0.3,0.3677
V1,D5_Stochastic,T_max,0.7,0.943333,0.020355,0.0,0.94,6,0.86,O(k),2.5003,,0.3,0.3677
V1,D5_Stochastic,T_median,0.7,0.856667,0.031153,0.0,0.94,16,2.29,O(k log k),2.5003,,0.3,0.3677
V1,D5_Stochastic,T4_EigenTrust,0.7,0.376667,0.052452,0.01,0.94,11400,1628.57,O(iters * E),2.5003,,0.3,0.3677
V1,D5_Stochastic,T_meanvar_z,0.7,0.936667,0.022642,0.0,0.94,18,2.57,O(k),2.5003,,0.3,0.3677
V1T,D5_Stochastic,T1_mean,0.7,0.951667,0.023352,0.0,0.95,7,1.0,O(k),2.5003,,0.3,0.5106
V1T,D5_Stochastic,T2_SL,0.7,0.951667,0.023352,0.0,0.95,20,2.86,O(k),2.5003,,0.3,0.5106
V1T,D5_Stochastic,T3_Beta,0.7,0.951667,0.023352,0.0,0.95,20,2.86,O(k),2.5003,,0.3,0.5106
V1T,D5_Stochastic,T5_TFLDT,0.7,0.938333,0.025284,0.0,0.95,20,2.86,O(k + deg),2.5003,,0.3,0.5106
V1T,D5_Stochastic,T_max,0.7,0.945,0.020268,0.0,0.95,6,0.86,O(k),2.5003,,0.3,0.5106
V1T,D5_Stochastic,T_median,0.7,0.925,0.023845,0.0,0.95,16,2.29,O(k log k),2.5003,,0.3,0.5106
V1T,D5_Stochastic,T4_EigenTrust,0.7,0.423333,0.055798,0.0,0.95,11400,1628.57,O(iters * E),2.5003,,0.3,0.5106
V1T,D5_Stochastic,T_meanvar_z,0.7,0.938333,0.023971,0.0,0.95,18,2.57,O(k),2.5003,,0.3,0.5106
V0,D5_Stochastic,T1_mean,0.8,0.965,0.014898,0.0,0.92,7,1.0,O(k),2.5003,0.2,,
V0,D5_Stochastic,T2_SL,0.8,0.965,0.014898,0.0,0.92,20,2.86,O(k),2.5003,0.2,,
V0,D5_Stochastic,T3_Beta,0.8,0.965,0.014898,0.0,0.92,20,2.86,O(k),2.5003,0.2,,
V0,D5_Stochastic,T5_TFLDT,0.8,0.939667,0.027729,0.0,0.92,20,2.86,O(k + deg),2.5003,0.2,,
V0,D5_Stochastic,T_max,0.8,0.963333,0.016468,0.0,0.92,6,0.86,O(k),2.5003,0.2,,
V0,D5_Stochastic,T_median,0.8,0.991667,0.007155,0.0,0.92,16,2.29,O(k log k),2.5003,0.2,,
V0,D5_Stochastic,T4_EigenTrust,0.8,0.376667,0.058844,0.0,0.92,11400,1628.57,O(iters * E),2.5003,0.2,,
V0,D5_Stochastic,T_meanvar_z,0.8,0.981667,0.010273,0.0,0.92,18,2.57,O(k),2.5003,0.2,,
V0T,D5_Stochastic,T1_mean,0.8,0.965,0.014898,0.0,0.92,7,1.0,O(k),2.5003,0.2,,
V0T,D5_Stochastic,T2_SL,0.8,0.965,0.014898,0.0,0.92,20,2.86,O(k),2.5003,0.2,,
V0T,D5_Stochastic,T3_Beta,0.8,0.965,0.014898,0.0,0.92,20,2.86,O(k),2.5003,0.2,,
V0T,D5_Stochastic,T5_TFLDT,0.8,0.939667,0.027729,0.0,0.92,20,2.86,O(k + deg),2.5003,0.2,,
V0T,D5_Stochastic,T_max,0.8,0.963333,0.016468,0.0,0.92,6,0.86,O(k),2.5003,0.2,,
V0T,D5_Stochastic,T_median,0.8,0.991667,0.007155,0.0,0.92,16,2.29,O(k log k),2.5003,0.2,,
V0T,D5_Stochastic,T4_EigenTrust,0.8,0.376667,0.058844,0.0,0.92,11400,1628.57,O(iters * E),2.5003,0.2,,
V0T,D5_Stochastic,T_meanvar_z,0.8,0.981667,0.010273,0.0,0.92,18,2.57,O(k),2.5003,0.2,,
V1,D5_Stochastic,T1_mean,0.8,0.896667,0.029284,0.0,0.93,7,1.0,O(k),2.5003,,0.2,0.2519
V1,D5_Stochastic,T2_SL,0.8,0.896667,0.029284,0.0,0.93,20,2.86,O(k),2.5003,,0.2,0.2519
V1,D5_Stochastic,T3_Beta,0.8,0.896667,0.029284,0.0,0.93,20,2.86,O(k),2.5003,,0.2,0.2519
V1,D5_Stochastic,T5_TFLDT,0.8,0.88,0.032857,0.0,0.93,20,2.86,O(k + deg),2.5003,,0.2,0.2519
V1,D5_Stochastic,T_max,0.8,0.961667,0.018488,0.0,0.93,6,0.86,O(k),2.5003,,0.2,0.2519
V1,D5_Stochastic,T_median,0.8,0.918333,0.023899,0.0,0.93,16,2.29,O(k log k),2.5003,,0.2,0.2519
V1,D5_Stochastic,T4_EigenTrust,0.8,0.448333,0.056427,0.01,0.93,11400,1628.57,O(iters * E),2.5003,,0.2,0.2519
V1,D5_Stochastic,T_meanvar_z,0.8,0.978333,0.011978,0.0,0.93,18,2.57,O(k),2.5003,,0.2,0.2519
V1T,D5_Stochastic,T1_mean,0.8,0.961667,0.020161,0.0,0.94,7,1.0,O(k),2.5003,,0.2,0.4513
V1T,D5_Stochastic,T2_SL,0.8,0.961667,0.020161,0.0,0.94,20,2.86,O(k),2.5003,,0.2,0.4513
V1T,D5_Stochastic,T3_Beta,0.8,0.961667,0.020161,0.0,0.94,20,2.86,O(k),2.5003,,0.2,0.4513
V1T,D5_Stochastic,T5_TFLDT,0.8,0.945,0.026288,0.0,0.94,20,2.86,O(k + deg),2.5003,,0.2,0.4513
V1T,D5_Stochastic,T_max,0.8,0.961667,0.018488,0.0,0.94,6,0.86,O(k),2.5003,,0.2,0.4513
V1T,D5_Stochastic,T_median,0.8,0.946667,0.021718,0.0,0.94,16,2.29,O(k log k),2.5003,,0.2,0.4513
V1T,D5_Stochastic,T4_EigenTrust,0.8,0.498333,0.057524,0.0,0.94,11400,1628.57,O(iters * E),2.5003,,0.2,0.4513
V1T,D5_Stochastic,T_meanvar_z,0.8,0.96,0.020302,0.0,0.94,18,2.57,O(k),2.5003,,0.2,0.4513
V0,D5_Stochastic,T1_mean,0.9,0.986667,0.011066,0.0,0.92,7,1.0,O(k),2.5003,0.0,,
V0,D5_Stochastic,T2_SL,0.9,0.986667,0.011066,0.0,0.92,20,2.86,O(k),2.5003,0.0,,
V0,D5_Stochastic,T3_Beta,0.9,0.986667,0.011066,0.0,0.92,20,2.86,O(k),2.5003,0.0,,
V0,D5_Stochastic,T5_TFLDT,0.9,0.97,0.021965,0.0,0.92,20,2.86,O(k + deg),2.5003,0.0,,
V0,D5_Stochastic,T_max,0.9,0.973333,0.014476,0.0,0.92,6,0.86,O(k),2.5003,0.0,,
V0,D5_Stochastic,T_median,0.9,0.996667,0.004596,0.0,0.92,16,2.29,O(k log k),2.5003,0.0,,
V0,D5_Stochastic,T4_EigenTrust,0.9,0.455,0.057027,0.0,0.92,11400,1628.57,O(iters * E),2.5003,0.0,,
V0,D5_Stochastic,T_meanvar_z,0.9,0.988333,0.009577,0.0,0.92,18,2.57,O(k),2.5003,0.0,,
V0T,D5_Stochastic,T1_mean,0.9,0.986667,0.011066,0.0,0.92,7,1.0,O(k),2.5003,0.0,,
V0T,D5_Stochastic,T2_SL,0.9,0.986667,0.011066,0.0,0.92,20,2.86,O(k),2.5003,0.0,,
V0T,D5_Stochastic,T3_Beta,0.9,0.986667,0.011066,0.0,0.92,20,2.86,O(k),2.5003,0.0,,
V0T,D5_Stochastic,T5_TFLDT,0.9,0.97,0.021965,0.0,0.92,20,2.86,O(k + deg),2.5003,0.0,,
V0T,D5_Stochastic,T_max,0.9,0.973333,0.014476,0.0,0.92,6,0.86,O(k),2.5003,0.0,,
V0T,D5_Stochastic,T_median,0.9,0.996667,0.004596,0.0,0.92,16,2.29,O(k log k),2.5003,0.0,,
V0T,D5_Stochastic,T4_EigenTrust,0.9,0.455,0.057027,0.0,0.92,11400,1628.57,O(iters * E),2.5003,0.0,,
V0T,D5_Stochastic,T_meanvar_z,0.9,0.988333,0.009577,0.0,0.92,18,2.57,O(k),2.5003,0.0,,
V1,D5_Stochastic,T1_mean,0.9,0.943333,0.018699,0.0,0.94,7,1.0,O(k),2.5003,,0.0805,0.0
V1,D5_Stochastic,T2_SL,0.9,0.943333,0.018699,0.0,0.94,20,2.86,O(k),2.5003,,0.0805,0.0
V1,D5_Stochastic,T3_Beta,0.9,0.943333,0.018699,0.0,0.94,20,2.86,O(k),2.5003,,0.0805,0.0
V1,D5_Stochastic,T5_TFLDT,0.9,0.918333,0.028431,0.0,0.94,20,2.86,O(k + deg),2.5003,,0.0805,0.0
V1,D5_Stochastic,T_max,0.9,0.98,0.010669,0.0,0.94,6,0.86,O(k),2.5003,,0.0805,0.0
V1,D5_Stochastic,T_median,0.9,0.97,0.012613,0.0,0.94,16,2.29,O(k log k),2.5003,,0.0805,0.0
V1,D5_Stochastic,T4_EigenTrust,0.9,0.536667,0.053462,0.0,0.94,11400,1628.57,O(iters * E),2.5003,,0.0805,0.0
V1,D5_Stochastic,T_meanvar_z,0.9,0.988333,0.009577,0.0,0.94,18,2.57,O(k),2.5003,,0.0805,0.0
V1T,D5_Stochastic,T1_mean,0.9,0.966667,0.014683,0.0,0.94,7,1.0,O(k),2.5003,,0.1,0.2957
V1T,D5_Stochastic,T2_SL,0.9,0.966667,0.014683,0.0,0.94,20,2.86,O(k),2.5003,,0.1,0.2957
V1T,D5_Stochastic,T3_Beta,0.9,0.966667,0.014683,0.0,0.94,20,2.86,O(k),2.5003,,0.1,0.2957
V1T,D5_Stochastic,T5_TFLDT,0.9,0.956667,0.024401,0.0,0.94,20,2.86,O(k + deg),2.5003,,0.1,0.2957
V1T,D5_Stochastic,T_max,0.9,0.98,0.010669,0.0,0.94,6,0.86,O(k),2.5003,,0.1,0.2957
V1T,D5_Stochastic,T_median,0.9,0.975,0.011723,0.0,0.94,16,2.29,O(k log k),2.5003,,0.1,0.2957
V1T,D5_Stochastic,T4_EigenTrust,0.9,0.565,0.054325,0.0,0.94,11400,1628.57,O(iters * E),2.5003,,0.1,0.2957
V1T,D5_Stochastic,T_meanvar_z,0.9,0.981667,0.013046,0.0,0.94,18,2.57,O(k),2.5003,,0.1,0.2957
V0,D5_Stochastic,T1_mean,1.0,0.998333,0.003267,0.0,0.93,7,1.0,O(k),2.5003,0.0,,
V0,D5_Stochastic,T2_SL,1.0,0.998333,0.003267,0.0,0.93,20,2.86,O(k),2.5003,0.0,,
V0,D5_Stochastic,T3_Beta,1.0,0.998333,0.003267,0.0,0.93,20,2.86,O(k),2.5003,0.0,,
V0,D5_Stochastic,T5_TFLDT,1.0,0.993333,0.007934,0.0,0.93,20,2.86,O(k + deg),2.5003,0.0,,
V0,D5_Stochastic,T_max,1.0,0.975,0.013437,0.0,0.93,6,0.86,O(k),2.5003,0.0,,
V0,D5_Stochastic,T_median,1.0,0.996667,0.004596,0.0,0.93,16,2.29,O(k log k),2.5003,0.0,,
V0,D5_Stochastic,T4_EigenTrust,1.0,0.69,0.056489,0.0,0.93,11400,1628.57,O(iters * E),2.5003,0.0,,
V0,D5_Stochastic,T_meanvar_z,1.0,0.988333,0.009577,0.0,0.93,18,2.57,O(k),2.5003,0.0,,
V0T,D5_Stochastic,T1_mean,1.0,0.998333,0.003267,0.0,0.93,7,1.0,O(k),2.5003,0.0,,
V0T,D5_Stochastic,T2_SL,1.0,0.998333,0.003267,0.0,0.93,20,2.86,O(k),2.5003,0.0,,
V0T,D5_Stochastic,T3_Beta,1.0,0.998333,0.003267,0.0,0.93,20,2.86,O(k),2.5003,0.0,,
V0T,D5_Stochastic,T5_TFLDT,1.0,0.993333,0.007934,0.0,0.93,20,2.86,O(k + deg),2.5003,0.0,,
V0T,D5_Stochastic,T_max,1.0,0.975,0.013437,0.0,0.93,6,0.86,O(k),2.5003,0.0,,
V0T,D5_Stochastic,T_median,1.0,0.996667,0.004596,0.0,0.93,16,2.29,O(k log k),2.5003,0.0,,
V0T,D5_Stochastic,T4_EigenTrust,1.0,0.69,0.056489,0.0,0.93,11400,1628.57,O(iters * E),2.5003,0.0,,
V0T,D5_Stochastic,T_meanvar_z,1.0,0.988333,0.009577,0.0,0.93,18,2.57,O(k),2.5003,0.0,,
V1,D5_Stochastic,T1_mean,1.0,0.996667,0.004596,0.0,0.95,7,1.0,O(k),2.5003,,0.0,0.2698
V1,D5_Stochastic,T2_SL,1.0,0.996667,0.004596,0.0,0.95,20,2.86,O(k),2.5003,,0.0,0.2698
V1,D5_Stochastic,T3_Beta,1.0,0.996667,0.004596,0.0,0.95,20,2.86,O(k),2.5003,,0.0,0.2698
V1,D5_Stochastic,T5_TFLDT,1.0,0.988333,0.019838,0.0,0.95,20,2.86,O(k + deg),2.5003,,0.0,0.2698
V1,D5_Stochastic,T_max,1.0,0.985,0.009396,0.0,0.95,6,0.86,O(k),2.5003,,0.0,0.2698
V1,D5_Stochastic,T_median,1.0,0.996667,0.004596,0.0,0.95,16,2.29,O(k log k),2.5003,,0.0,0.2698
V1,D5_Stochastic,T4_EigenTrust,1.0,0.678333,0.055572,0.0,0.95,11400,1628.57,O(iters * E),2.5003,,0.0,0.2698
V1,D5_Stochastic,T_meanvar_z,1.0,0.986667,0.011066,0.0,0.95,18,2.57,O(k),2.5003,,0.0,0.2698
V1T,D5_Stochastic,T1_mean,1.0,0.996667,0.004596,0.0,0.95,7,1.0,O(k),2.5003,,0.0,0.2698
V1T,D5_Stochastic,T2_SL,1.0,0.996667,0.004596,0.0,0.95,20,2.86,O(k),2.5003,,0.0,0.2698
V1T,D5_Stochastic,T3_Beta,1.0,0.996667,0.004596,0.0,0.95,20,2.86,O(k),2.5003,,0.0,0.2698
V1T,D5_Stochastic,T5_TFLDT,1.0,0.988333,0.019838,0.0,0.95,20,2.86,O(k + deg),2.5003,,0.0,0.2698
V1T,D5_Stochastic,T_max,1.0,0.985,0.009396,0.0,0.95,6,0.86,O(k),2.5003,,0.0,0.2698
V1T,D5_Stochastic,T_median,1.0,0.996667,0.004596,0.0,0.95,16,2.29,O(k log k),2.5003,,0.0,0.2698
V1T,D5_Stochastic,T4_EigenTrust,1.0,0.678333,0.055572,0.0,0.95,11400,1628.57,O(iters * E),2.5003,,0.0,0.2698
V1T,D5_Stochastic,T_meanvar_z,1.0,0.986667,0.011066,0.0,0.95,18,2.57,O(k),2.5003,,0.0,0.2698
V0,D6_DRL,T1_mean,0.1,0.121667,0.031096,0.52,0.01,7,1.0,O(k),2.0255,0.0,,
V0,D6_DRL,T2_SL,0.1,0.121667,0.031096,0.52,0.01,20,2.86,O(k),2.0255,0.0,,
V0,D6_DRL,T3_Beta,0.1,0.121667,0.031096,0.52,0.01,20,2.86,O(k),2.0255,0.0,,
V0,D6_DRL,T5_TFLDT,0.1,0.118667,0.029502,0.53,0.01,20,2.86,O(k + deg),2.0255,0.0,,
V0,D6_DRL,T_max,0.1,0.523,0.045176,0.05,0.01,6,0.86,O(k),2.0255,0.0,,
V0,D6_DRL,T_median,0.1,0.013333,0.010044,0.98,0.01,16,2.29,O(k log k),2.0255,0.0,,
V0,D6_DRL,T4_EigenTrust,0.1,0.061667,0.021102,0.43,0.01,11400,1628.57,O(iters * E),2.0255,0.0,,
V0,D6_DRL,T_meanvar_z,0.1,0.509667,0.045362,0.02,0.01,18,2.57,O(k),2.0255,0.0,,
V0T,D6_DRL,T1_mean,0.1,0.121667,0.031096,0.52,0.01,7,1.0,O(k),2.0255,0.0,,
V0T,D6_DRL,T2_SL,0.1,0.121667,0.031096,0.52,0.01,20,2.86,O(k),2.0255,0.0,,
V0T,D6_DRL,T3_Beta,0.1,0.121667,0.031096,0.52,0.01,20,2.86,O(k),2.0255,0.0,,
V0T,D6_DRL,T5_TFLDT,0.1,0.118667,0.029502,0.53,0.01,20,2.86,O(k + deg),2.0255,0.0,,
V0T,D6_DRL,T_max,0.1,0.523,0.045176,0.05,0.01,6,0.86,O(k),2.0255,0.0,,
V0T,D6_DRL,T_median,0.1,0.013333,0.010044,0.98,0.01,16,2.29,O(k log k),2.0255,0.0,,
V0T,D6_DRL,T4_EigenTrust,0.1,0.061667,0.021102,0.43,0.01,11400,1628.57,O(iters * E),2.0255,0.0,,
V0T,D6_DRL,T_meanvar_z,0.1,0.509667,0.045362,0.02,0.01,18,2.57,O(k),2.0255,0.0,,
V1,D6_DRL,T1_mean,0.1,0.744667,0.044624,0.0,0.03,7,1.0,O(k),2.0255,,0.9,0.2209
V1,D6_DRL,T2_SL,0.1,0.744667,0.044624,0.0,0.03,20,2.86,O(k),2.0255,,0.9,0.2209
V1,D6_DRL,T3_Beta,0.1,0.744667,0.044624,0.0,0.03,20,2.86,O(k),2.0255,,0.9,0.2209
V1,D6_DRL,T5_TFLDT,0.1,0.749667,0.046295,0.0,0.03,20,2.86,O(k + deg),2.0255,,0.9,0.2209
V1,D6_DRL,T_max,0.1,0.611333,0.044001,0.0,0.03,6,0.86,O(k),2.0255,,0.9,0.2209
V1,D6_DRL,T_median,0.1,0.628333,0.047089,0.0,0.03,16,2.29,O(k log k),2.0255,,0.9,0.2209
V1,D6_DRL,T4_EigenTrust,0.1,0.145,0.037622,0.17,0.03,11400,1628.57,O(iters * E),2.0255,,0.9,0.2209
V1,D6_DRL,T_meanvar_z,0.1,0.754667,0.044141,0.0,0.03,18,2.57,O(k),2.0255,,0.9,0.2209
V1T,D6_DRL,T1_mean,0.1,0.473,0.04742,0.02,0.06,7,1.0,O(k),2.0255,,0.9,0.1303
V1T,D6_DRL,T2_SL,0.1,0.473,0.04742,0.02,0.06,20,2.86,O(k),2.0255,,0.9,0.1303
V1T,D6_DRL,T3_Beta,0.1,0.473,0.04742,0.02,0.06,20,2.86,O(k),2.0255,,0.9,0.1303
V1T,D6_DRL,T5_TFLDT,0.1,0.459333,0.045894,0.02,0.06,20,2.86,O(k + deg),2.0255,,0.9,0.1303
V1T,D6_DRL,T_max,0.1,0.479333,0.041506,0.02,0.06,6,0.86,O(k),2.0255,,0.9,0.1303
V1T,D6_DRL,T_median,0.1,0.247,0.046292,0.09,0.06,16,2.29,O(k log k),2.0255,,0.9,0.1303
V1T,D6_DRL,T4_EigenTrust,0.1,0.12,0.034459,0.23,0.06,11400,1628.57,O(iters * E),2.0255,,0.9,0.1303
V1T,D6_DRL,T_meanvar_z,0.1,0.494667,0.04598,0.01,0.06,18,2.57,O(k),2.0255,,0.9,0.1303
V0,D6_DRL,T1_mean,0.2,0.588667,0.053941,0.0,0.0,7,1.0,O(k),2.0255,0.0,,
V0,D6_DRL,T2_SL,0.2,0.588667,0.053941,0.0,0.0,20,2.86,O(k),2.0255,0.0,,
V0,D6_DRL,T3_Beta,0.2,0.588667,0.053941,0.0,0.0,20,2.86,O(k),2.0255,0.0,,
V0,D6_DRL,T5_TFLDT,0.2,0.570667,0.051847,0.0,0.0,20,2.86,O(k + deg),2.0255,0.0,,
V0,D6_DRL,T_max,0.2,0.956667,0.015827,0.0,0.0,6,0.86,O(k),2.0255,0.0,,
V0,D6_DRL,T_median,0.2,0.04,0.016164,0.85,0.0,16,2.29,O(k log k),2.0255,0.0,,
V0,D6_DRL,T4_EigenTrust,0.2,0.136667,0.037254,0.23,0.0,11400,1628.57,O(iters * E),2.0255,0.0,,
V0,D6_DRL,T_meanvar_z,0.2,0.953333,0.016137,0.0,0.0,18,2.57,O(k),2.0255,0.0,,
V0T,D6_DRL,T1_mean,0.2,0.588667,0.053941,0.0,0.0,7,1.0,O(k),2.0255,0.0,,
V0T,D6_DRL,T2_SL,0.2,0.588667,0.053941,0.0,0.0,20,2.86,O(k),2.0255,0.0,,
V0T,D6_DRL,T3_Beta,0.2,0.588667,0.053941,0.0,0.0,20,2.86,O(k),2.0255,0.0,,
V0T,D6_DRL,T5_TFLDT,0.2,0.570667,0.051847,0.0,0.0,20,2.86,O(k + deg),2.0255,0.0,,
V0T,D6_DRL,T_max,0.2,0.956667,0.015827,0.0,0.0,6,0.86,O(k),2.0255,0.0,,
V0T,D6_DRL,T_median,0.2,0.04,0.016164,0.85,0.0,16,2.29,O(k log k),2.0255,0.0,,
V0T,D6_DRL,T4_EigenTrust,0.2,0.136667,0.037254,0.23,0.0,11400,1628.57,O(iters * E),2.0255,0.0,,
V0T,D6_DRL,T_meanvar_z,0.2,0.953333,0.016137,0.0,0.0,18,2.57,O(k),2.0255,0.0,,
V1,D6_DRL,T1_mean,0.2,0.921667,0.026855,0.0,0.01,7,1.0,O(k),2.0255,,0.8,0.2692
V1,D6_DRL,T2_SL,0.2,0.921667,0.026855,0.0,0.01,20,2.86,O(k),2.0255,,0.8,0.2692
V1,D6_DRL,T3_Beta,0.2,0.921667,0.026855,0.0,0.01,20,2.86,O(k),2.0255,,0.8,0.2692
V1,D6_DRL,T5_TFLDT,0.2,0.906667,0.027594,0.0,0.01,20,2.86,O(k + deg),2.0255,,0.8,0.2692
V1,D6_DRL,T_max,0.2,0.82,0.034646,0.0,0.01,6,0.86,O(k),2.0255,,0.8,0.2692
V1,D6_DRL,T_median,0.2,0.85,0.033961,0.0,0.01,16,2.29,O(k log k),2.0255,,0.8,0.2692
V1,D6_DRL,T4_EigenTrust,0.2,0.198333,0.04542,0.05,0.01,11400,1628.57,O(iters * E),2.0255,,0.8,0.2692
V1,D6_DRL,T_meanvar_z,0.2,0.92,0.022498,0.0,0.01,18,2.57,O(k),2.0255,,0.8,0.2692
V1T,D6_DRL,T1_mean,0.2,0.983333,0.015045,0.0,0.0,7,1.0,O(k),2.0255,,0.8,0.3629
V1T,D6_DRL,T2_SL,0.2,0.983333,0.015045,0.0,0.0,20,2.86,O(k),2.0255,,0.8,0.3629
V1T,D6_DRL,T3_Beta,0.2,0.983333,0.015045,0.0,0.0,20,2.86,O(k),2.0255,,0.8,0.3629
V1T,D6_DRL,T5_TFLDT,0.2,0.968333,0.017799,0.0,0.0,20,2.86,O(k + deg),2.0255,,0.8,0.3629
V1T,D6_DRL,T_max,0.2,0.911667,0.024328,0.0,0.0,6,0.86,O(k),2.0255,,0.8,0.3629
V1T,D6_DRL,T_median,0.2,0.951667,0.023352,0.0,0.0,16,2.29,O(k log k),2.0255,,0.8,0.3629
V1T,D6_DRL,T4_EigenTrust,0.2,0.233333,0.048697,0.03,0.0,11400,1628.57,O(iters * E),2.0255,,0.8,0.3629
V1T,D6_DRL,T_meanvar_z,0.2,0.973333,0.012901,0.0,0.0,18,2.57,O(k),2.0255,,0.8,0.3629
V0,D6_DRL,T1_mean,0.3,0.936667,0.025759,0.0,0.0,7,1.0,O(k),2.0255,0.0,,
V0,D6_DRL,T2_SL,0.3,0.936667,0.025759,0.0,0.0,20,2.86,O(k),2.0255,0.0,,
V0,D6_DRL,T3_Beta,0.3,0.936667,0.025759,0.0,0.0,20,2.86,O(k),2.0255,0.0,,
V0,D6_DRL,T5_TFLDT,0.3,0.915,0.031998,0.0,0.0,20,2.86,O(k + deg),2.0255,0.0,,
V0,D6_DRL,T_max,0.3,0.991667,0.007155,0.0,0.0,6,0.86,O(k),2.0255,0.0,,
V0,D6_DRL,T_median,0.3,0.118333,0.029473,0.42,0.0,16,2.29,O(k log k),2.0255,0.0,,
V0,D6_DRL,T4_EigenTrust,0.3,0.17,0.042039,0.11,0.0,11400,1628.57,O(iters * E),2.0255,0.0,,
V0,D6_DRL,T_meanvar_z,0.3,0.991667,0.007155,0.0,0.0,18,2.57,O(k),2.0255,0.0,,
V0T,D6_DRL,T1_mean,0.3,0.936667,0.025759,0.0,0.0,7,1.0,O(k),2.0255,0.0,,
V0T,D6_DRL,T2_SL,0.3,0.936667,0.025759,0.0,0.0,20,2.86,O(k),2.0255,0.0,,
V0T,D6_DRL,T3_Beta,0.3,0.936667,0.025759,0.0,0.0,20,2.86,O(k),2.0255,0.0,,
V0T,D6_DRL,T5_TFLDT,0.3,0.915,0.031998,0.0,0.0,20,2.86,O(k + deg),2.0255,0.0,,
V0T,D6_DRL,T_max,0.3,0.991667,0.007155,0.0,0.0,6,0.86,O(k),2.0255,0.0,,
V0T,D6_DRL,T_median,0.3,0.118333,0.029473,0.42,0.0,16,2.29,O(k log k),2.0255,0.0,,
V0T,D6_DRL,T4_EigenTrust,0.3,0.17,0.042039,0.11,0.0,11400,1628.57,O(iters * E),2.0255,0.0,,
V0T,D6_DRL,T_meanvar_z,0.3,0.991667,0.007155,0.0,0.0,18,2.57,O(k),2.0255,0.0,,
V1,D6_DRL,T1_mean,0.3,0.96,0.018642,0.0,0.01,7,1.0,O(k),2.0255,,0.7,0.2852
V1,D6_DRL,T2_SL,0.3,0.96,0.018642,0.0,0.01,20,2.86,O(k),2.0255,,0.7,0.2852
V1,D6_DRL,T3_Beta,0.3,0.96,0.018642,0.0,0.01,20,2.86,O(k),2.0255,,0.7,0.2852
V1,D6_DRL,T5_TFLDT,0.3,0.943333,0.023317,0.0,0.01,20,2.86,O(k + deg),2.0255,,0.7,0.2852
V1,D6_DRL,T_max,0.3,0.908333,0.027222,0.0,0.01,6,0.86,O(k),2.0255,,0.7,0.2852
V1,D6_DRL,T_median,0.3,0.926667,0.027982,0.0,0.01,16,2.29,O(k log k),2.0255,,0.7,0.2852
V1,D6_DRL,T4_EigenTrust,0.3,0.265,0.051722,0.03,0.01,11400,1628.57,O(iters * E),2.0255,,0.7,0.2852
V1,D6_DRL,T_meanvar_z,0.3,0.948333,0.018394,0.0,0.01,18,2.57,O(k),2.0255,,0.7,0.2852
V1T,D6_DRL,T1_mean,0.3,0.998333,0.003267,0.0,0.01,7,1.0,O(k),2.0255,,0.7,0.5567
V1T,D6_DRL,T2_SL,0.3,0.998333,0.003267,0.0,0.01,20,2.86,O(k),2.0255,,0.7,0.5567
V1T,D6_DRL,T3_Beta,0.3,0.998333,0.003267,0.0,0.01,20,2.86,O(k),2.0255,,0.7,0.5567
V1T,D6_DRL,T5_TFLDT,0.3,0.998333,0.003267,0.0,0.01,20,2.86,O(k + deg),2.0255,,0.7,0.5567
V1T,D6_DRL,T_max,0.3,0.995,0.005601,0.0,0.01,6,0.86,O(k),2.0255,,0.7,0.5567
V1T,D6_DRL,T_median,0.3,0.998333,0.003267,0.0,0.01,16,2.29,O(k log k),2.0255,,0.7,0.5567
V1T,D6_DRL,T4_EigenTrust,0.3,0.441667,0.062703,0.0,0.01,11400,1628.57,O(iters * E),2.0255,,0.7,0.5567
V1T,D6_DRL,T_meanvar_z,0.3,0.996667,0.004596,0.0,0.01,18,2.57,O(k),2.0255,,0.7,0.5567
V0,D6_DRL,T1_mean,0.4,0.986667,0.008907,0.0,0.0,7,1.0,O(k),2.0255,0.0,,
V0,D6_DRL,T2_SL,0.4,0.986667,0.008907,0.0,0.0,20,2.86,O(k),2.0255,0.0,,
V0,D6_DRL,T3_Beta,0.4,0.986667,0.008907,0.0,0.0,20,2.86,O(k),2.0255,0.0,,
V0,D6_DRL,T5_TFLDT,0.4,0.97,0.019906,0.0,0.0,20,2.86,O(k + deg),2.0255,0.0,,
V0,D6_DRL,T_max,0.4,0.991667,0.007155,0.0,0.0,6,0.86,O(k),2.0255,0.0,,
V0,D6_DRL,T_median,0.4,0.329,0.047474,0.13,0.0,16,2.29,O(k log k),2.0255,0.0,,
V0,D6_DRL,T4_EigenTrust,0.4,0.218333,0.048184,0.04,0.0,11400,1628.57,O(iters * E),2.0255,0.0,,
V0,D6_DRL,T_meanvar_z,0.4,0.991667,0.007155,0.0,0.0,18,2.57,O(k),2.0255,0.0,,
V0T,D6_DRL,T1_mean,0.4,0.986667,0.008907,0.0,0.0,7,1.0,O(k),2.0255,0.0,,
V0T,D6_DRL,T2_SL,0.4,0.986667,0.008907,0.0,0.0,20,2.86,O(k),2.0255,0.0,,
V0T,D6_DRL,T3_Beta,0.4,0.986667,0.008907,0.0,0.0,20,2.86,O(k),2.0255,0.0,,
V0T,D6_DRL,T5_TFLDT,0.4,0.97,0.019906,0.0,0.0,20,2.86,O(k + deg),2.0255,0.0,,
V0T,D6_DRL,T_max,0.4,0.991667,0.007155,0.0,0.0,6,0.86,O(k),2.0255,0.0,,
V0T,D6_DRL,T_median,0.4,0.329,0.047474,0.13,0.0,16,2.29,O(k log k),2.0255,0.0,,
V0T,D6_DRL,T4_EigenTrust,0.4,0.218333,0.048184,0.04,0.0,11400,1628.57,O(iters * E),2.0255,0.0,,
V0T,D6_DRL,T_meanvar_z,0.4,0.991667,0.007155,0.0,0.0,18,2.57,O(k),2.0255,0.0,,
V1,D6_DRL,T1_mean,0.4,0.975,0.01698,0.0,0.0,7,1.0,O(k),2.0255,,0.6,0.2802
V1,D6_DRL,T2_SL,0.4,0.975,0.01698,0.0,0.0,20,2.86,O(k),2.0255,,0.6,0.2802
V1,D6_DRL,T3_Beta,0.4,0.975,0.01698,0.0,0.0,20,2.86,O(k),2.0255,,0.6,0.2802
V1,D6_DRL,T5_TFLDT,0.4,0.961667,0.019062,0.0,0.0,20,2.86,O(k + deg),2.0255,,0.6,0.2802
V1,D6_DRL,T_max,0.4,0.948333,0.020075,0.0,0.0,6,0.86,O(k),2.0255,,0.6,0.2802
V1,D6_DRL,T_median,0.4,0.946667,0.022689,0.0,0.0,16,2.29,O(k log k),2.0255,,0.6,0.2802
V1,D6_DRL,T4_EigenTrust,0.4,0.326667,0.054528,0.0,0.0,11400,1628.57,O(iters * E),2.0255,,0.6,0.2802
V1,D6_DRL,T_meanvar_z,0.4,0.97,0.01422,0.0,0.0,18,2.57,O(k),2.0255,,0.6,0.2802
V1T,D6_DRL,T1_mean,0.4,1.0,0.0,0.0,0.0,7,1.0,O(k),2.0255,,0.6,0.6017
V1T,D6_DRL,T2_SL,0.4,1.0,0.0,0.0,0.0,20,2.86,O(k),2.0255,,0.6,0.6017
V1T,D6_DRL,T3_Beta,0.4,1.0,0.0,0.0,0.0,20,2.86,O(k),2.0255,,0.6,0.6017
V1T,D6_DRL,T5_TFLDT,0.4,0.998333,0.003267,0.0,0.0,20,2.86,O(k + deg),2.0255,,0.6,0.6017
V1T,D6_DRL,T_max,0.4,0.996667,0.004596,0.0,0.0,6,0.86,O(k),2.0255,,0.6,0.6017
V1T,D6_DRL,T_median,0.4,0.998333,0.003267,0.0,0.0,16,2.29,O(k log k),2.0255,,0.6,0.6017
V1T,D6_DRL,T4_EigenTrust,0.4,0.533333,0.060359,0.0,0.0,11400,1628.57,O(iters * E),2.0255,,0.6,0.6017
V1T,D6_DRL,T_meanvar_z,0.4,0.998333,0.003267,0.0,0.0,18,2.57,O(k),2.0255,,0.6,0.6017
V0,D6_DRL,T1_mean,0.5,0.991667,0.007155,0.0,0.0,7,1.0,O(k),2.0255,0.0,,
V0,D6_DRL,T2_SL,0.5,0.991667,0.007155,0.0,0.0,20,2.86,O(k),2.0255,0.0,,
V0,D6_DRL,T3_Beta,0.5,0.991667,0.007155,0.0,0.0,20,2.86,O(k),2.0255,0.0,,
V0,D6_DRL,T5_TFLDT,0.5,0.986667,0.012,0.0,0.0,20,2.86,O(k + deg),2.0255,0.0,,
V0,D6_DRL,T_max,0.5,0.991667,0.007155,0.0,0.0,6,0.86,O(k),2.0255,0.0,,
V0,D6_DRL,T_median,0.5,0.82,0.033378,0.0,0.0,16,2.29,O(k log k),2.0255,0.0,,
V0,D6_DRL,T4_EigenTrust,0.5,0.293333,0.053971,0.0,0.0,11400,1628.57,O(iters * E),2.0255,0.0,,
V0,D6_DRL,T_meanvar_z,0.5,0.991667,0.007155,0.0,0.0,18,2.57,O(k),2.0255,0.0,,
V0T,D6_DRL,T1_mean,0.5,0.991667,0.007155,0.0,0.0,7,1.0,O(k),2.0255,0.0,,
V0T,D6_DRL,T2_SL,0.5,0.991667,0.007155,0.0,0.0,20,2.86,O(k),2.0255,0.0,,
V0T,D6_DRL,T3_Beta,0.5,0.991667,0.007155,0.0,0.0,20,2.86,O(k),2.0255,0.0,,
V0T,D6_DRL,T5_TFLDT,0.5,0.986667,0.012,0.0,0.0,20,2.86,O(k + deg),2.0255,0.0,,
V0T,D6_DRL,T_max,0.5,0.991667,0.007155,0.0,0.0,6,0.86,O(k),2.0255,0.0,,
V0T,D6_DRL,T_median,0.5,0.82,0.033378,0.0,0.0,16,2.29,O(k log k),2.0255,0.0,,
V0T,D6_DRL,T4_EigenTrust,0.5,0.293333,0.053971,0.0,0.0,11400,1628.57,O(iters * E),2.0255,0.0,,
V0T,D6_DRL,T_meanvar_z,0.5,0.991667,0.007155,0.0,0.0,18,2.57,O(k),2.0255,0.0,,
V1,D6_DRL,T1_mean,0.5,0.983333,0.011837,0.0,0.0,7,1.0,O(k),2.0255,,0.5,0.2559
V1,D6_DRL,T2_SL,0.5,0.983333,0.011837,0.0,0.0,20,2.86,O(k),2.0255,,0.5,0.2559
V1,D6_DRL,T3_Beta,0.5,0.983333,0.011837,0.0,0.0,20,2.86,O(k),2.0255,,0.5,0.2559
V1,D6_DRL,T5_TFLDT,0.5,0.968333,0.018394,0.0,0.0,20,2.86,O(k + deg),2.0255,,0.5,0.2559
V1,D6_DRL,T_max,0.5,0.973333,0.013711,0.0,0.0,6,0.86,O(k),2.0255,,0.5,0.2559
V1,D6_DRL,T_median,0.5,0.946667,0.021216,0.0,0.0,16,2.29,O(k log k),2.0255,,0.5,0.2559
V1,D6_DRL,T4_EigenTrust,0.5,0.383333,0.056006,0.0,0.0,11400,1628.57,O(iters * E),2.0255,,0.5,0.2559
V1,D6_DRL,T_meanvar_z,0.5,0.981667,0.011273,0.0,0.0,18,2.57,O(k),2.0255,,0.5,0.2559
V1T,D6_DRL,T1_mean,0.5,1.0,0.0,0.0,0.0,7,1.0,O(k),2.0255,,0.5,0.6086
V1T,D6_DRL,T2_SL,0.5,1.0,0.0,0.0,0.0,20,2.86,O(k),2.0255,,0.5,0.6086
V1T,D6_DRL,T3_Beta,0.5,1.0,0.0,0.0,0.0,20,2.86,O(k),2.0255,,0.5,0.6086
V1T,D6_DRL,T5_TFLDT,0.5,1.0,0.0,0.0,0.0,20,2.86,O(k + deg),2.0255,,0.5,0.6086
V1T,D6_DRL,T_max,0.5,0.996667,0.004596,0.0,0.0,6,0.86,O(k),2.0255,,0.5,0.6086
V1T,D6_DRL,T_median,0.5,0.998333,0.003267,0.0,0.0,16,2.29,O(k log k),2.0255,,0.5,0.6086
V1T,D6_DRL,T4_EigenTrust,0.5,0.61,0.058403,0.0,0.0,11400,1628.57,O(iters * E),2.0255,,0.5,0.6086
V1T,D6_DRL,T_meanvar_z,0.5,0.998333,0.003267,0.0,0.0,18,2.57,O(k),2.0255,,0.5,0.6086
V0,D6_DRL,T1_mean,0.6,1.0,0.0,0.0,0.0,7,1.0,O(k),2.0255,0.0,,
V0,D6_DRL,T2_SL,0.6,1.0,0.0,0.0,0.0,20,2.86,O(k),2.0255,0.0,,
V0,D6_DRL,T3_Beta,0.6,1.0,0.0,0.0,0.0,20,2.86,O(k),2.0255,0.0,,
V0,D6_DRL,T5_TFLDT,0.6,0.995,0.005601,0.0,0.0,20,2.86,O(k + deg),2.0255,0.0,,
V0,D6_DRL,T_max,0.6,1.0,0.0,0.0,0.0,6,0.86,O(k),2.0255,0.0,,
V0,D6_DRL,T_median,0.6,1.0,0.0,0.0,0.0,16,2.29,O(k log k),2.0255,0.0,,
V0,D6_DRL,T4_EigenTrust,0.6,0.368333,0.055966,0.0,0.0,11400,1628.57,O(iters * E),2.0255,0.0,,
V0,D6_DRL,T_meanvar_z,0.6,1.0,0.0,0.0,0.0,18,2.57,O(k),2.0255,0.0,,
V0T,D6_DRL,T1_mean,0.6,1.0,0.0,0.0,0.0,7,1.0,O(k),2.0255,0.0,,
V0T,D6_DRL,T2_SL,0.6,1.0,0.0,0.0,0.0,20,2.86,O(k),2.0255,0.0,,
V0T,D6_DRL,T3_Beta,0.6,1.0,0.0,0.0,0.0,20,2.86,O(k),2.0255,0.0,,
V0T,D6_DRL,T5_TFLDT,0.6,0.995,0.005601,0.0,0.0,20,2.86,O(k + deg),2.0255,0.0,,
V0T,D6_DRL,T_max,0.6,1.0,0.0,0.0,0.0,6,0.86,O(k),2.0255,0.0,,
V0T,D6_DRL,T_median,0.6,1.0,0.0,0.0,0.0,16,2.29,O(k log k),2.0255,0.0,,
V0T,D6_DRL,T4_EigenTrust,0.6,0.368333,0.055966,0.0,0.0,11400,1628.57,O(iters * E),2.0255,0.0,,
V0T,D6_DRL,T_meanvar_z,0.6,1.0,0.0,0.0,0.0,18,2.57,O(k),2.0255,0.0,,
V1,D6_DRL,T1_mean,0.6,0.986667,0.008907,0.0,0.0,7,1.0,O(k),2.0255,,0.4,0.2083
V1,D6_DRL,T2_SL,0.6,0.986667,0.008907,0.0,0.0,20,2.86,O(k),2.0255,,0.4,0.2083
V1,D6_DRL,T3_Beta,0.6,0.986667,0.008907,0.0,0.0,20,2.86,O(k),2.0255,,0.4,0.2083
V1,D6_DRL,T5_TFLDT,0.6,0.976667,0.013149,0.0,0.0,20,2.86,O(k + deg),2.0255,,0.4,0.2083
V1,D6_DRL,T_max,0.6,0.98,0.010669,0.0,0.0,6,0.86,O(k),2.0255,,0.4,0.2083
V1,D6_DRL,T_median,0.6,0.95,0.01706,0.0,0.0,16,2.29,O(k log k),2.0255,,0.4,0.2083
V1,D6_DRL,T4_EigenTrust,0.6,0.468333,0.055269,0.0,0.0,11400,1628.57,O(iters * E),2.0255,,0.4,0.2083
V1,D6_DRL,T_meanvar_z,0.6,0.986667,0.008907,0.0,0.0,18,2.57,O(k),2.0255,,0.4,0.2083
V1T,D6_DRL,T1_mean,0.6,1.0,0.0,0.0,0.0,7,1.0,O(k),2.0255,,0.4,0.6017
V1T,D6_DRL,T2_SL,0.6,1.0,0.0,0.0,0.0,20,2.86,O(k),2.0255,,0.4,0.6017
V1T,D6_DRL,T3_Beta,0.6,1.0,0.0,0.0,0.0,20,2.86,O(k),2.0255,,0.4,0.6017
V1T,D6_DRL,T5_TFLDT,0.6,1.0,0.0,0.0,0.0,20,2.86,O(k + deg),2.0255,,0.4,0.6017
V1T,D6_DRL,T_max,0.6,0.996667,0.004596,0.0,0.0,6,0.86,O(k),2.0255,,0.4,0.6017
V1T,D6_DRL,T_median,0.6,0.998333,0.003267,0.0,0.0,16,2.29,O(k log k),2.0255,,0.4,0.6017
V1T,D6_DRL,T4_EigenTrust,0.6,0.645,0.060119,0.0,0.0,11400,1628.57,O(iters * E),2.0255,,0.4,0.6017
V1T,D6_DRL,T_meanvar_z,0.6,0.998333,0.003267,0.0,0.0,18,2.57,O(k),2.0255,,0.4,0.6017
V0,D6_DRL,T1_mean,0.7,1.0,0.0,0.0,0.0,7,1.0,O(k),2.0255,0.0,,
V0,D6_DRL,T2_SL,0.7,1.0,0.0,0.0,0.0,20,2.86,O(k),2.0255,0.0,,
V0,D6_DRL,T3_Beta,0.7,1.0,0.0,0.0,0.0,20,2.86,O(k),2.0255,0.0,,
V0,D6_DRL,T5_TFLDT,0.7,0.998333,0.003267,0.0,0.0,20,2.86,O(k + deg),2.0255,0.0,,
V0,D6_DRL,T_max,0.7,1.0,0.0,0.0,0.0,6,0.86,O(k),2.0255,0.0,,
V0,D6_DRL,T_median,0.7,1.0,0.0,0.0,0.0,16,2.29,O(k log k),2.0255,0.0,,
V0,D6_DRL,T4_EigenTrust,0.7,0.496667,0.060534,0.0,0.0,11400,1628.57,O(iters * E),2.0255,0.0,,
V0,D6_DRL,T_meanvar_z,0.7,1.0,0.0,0.0,0.0,18,2.57,O(k),2.0255,0.0,,
V0T,D6_DRL,T1_mean,0.7,1.0,0.0,0.0,0.0,7,1.0,O(k),2.0255,0.0,,
V0T,D6_DRL,T2_SL,0.7,1.0,0.0,0.0,0.0,20,2.86,O(k),2.0255,0.0,,
V0T,D6_DRL,T3_Beta,0.7,1.0,0.0,0.0,0.0,20,2.86,O(k),2.0255,0.0,,
V0T,D6_DRL,T5_TFLDT,0.7,0.998333,0.003267,0.0,0.0,20,2.86,O(k + deg),2.0255,0.0,,
V0T,D6_DRL,T_max,0.7,1.0,0.0,0.0,0.0,6,0.86,O(k),2.0255,0.0,,
V0T,D6_DRL,T_median,0.7,1.0,0.0,0.0,0.0,16,2.29,O(k log k),2.0255,0.0,,
V0T,D6_DRL,T4_EigenTrust,0.7,0.496667,0.060534,0.0,0.0,11400,1628.57,O(iters * E),2.0255,0.0,,
V0T,D6_DRL,T_meanvar_z,0.7,1.0,0.0,0.0,0.0,18,2.57,O(k),2.0255,0.0,,
V1,D6_DRL,T1_mean,0.7,0.99,0.009075,0.0,0.0,7,1.0,O(k),2.0255,,0.3,0.1241
V1,D6_DRL,T2_SL,0.7,0.99,0.009075,0.0,0.0,20,2.86,O(k),2.0255,,0.3,0.1241
V1,D6_DRL,T3_Beta,0.7,0.99,0.009075,0.0,0.0,20,2.86,O(k),2.0255,,0.3,0.1241
V1,D6_DRL,T5_TFLDT,0.7,0.983333,0.010889,0.0,0.0,20,2.86,O(k + deg),2.0255,,0.3,0.1241
V1,D6_DRL,T_max,0.7,0.99,0.007797,0.0,0.0,6,0.86,O(k),2.0255,,0.3,0.1241
V1,D6_DRL,T_median,0.7,0.955,0.017895,0.0,0.0,16,2.29,O(k log k),2.0255,,0.3,0.1241
V1,D6_DRL,T4_EigenTrust,0.7,0.525,0.054022,0.0,0.0,11400,1628.57,O(iters * E),2.0255,,0.3,0.1241
V1,D6_DRL,T_meanvar_z,0.7,0.991667,0.007155,0.0,0.0,18,2.57,O(k),2.0255,,0.3,0.1241
V1T,D6_DRL,T1_mean,0.7,1.0,0.0,0.0,0.0,7,1.0,O(k),2.0255,,0.3,0.5781
V1T,D6_DRL,T2_SL,0.7,1.0,0.0,0.0,0.0,20,2.86,O(k),2.0255,,0.3,0.5781
V1T,D6_DRL,T3_Beta,0.7,1.0,0.0,0.0,0.0,20,2.86,O(k),2.0255,,0.3,0.5781
V1T,D6_DRL,T5_TFLDT,0.7,1.0,0.0,0.0,0.0,20,2.86,O(k + deg),2.0255,,0.3,0.5781
V1T,D6_DRL,T_max,0.7,0.998333,0.003267,0.0,0.0,6,0.86,O(k),2.0255,,0.3,0.5781
V1T,D6_DRL,T_median,0.7,1.0,0.0,0.0,0.0,16,2.29,O(k log k),2.0255,,0.3,0.5781
V1T,D6_DRL,T4_EigenTrust,0.7,0.691667,0.056366,0.0,0.0,11400,1628.57,O(iters * E),2.0255,,0.3,0.5781
V1T,D6_DRL,T_meanvar_z,0.7,0.998333,0.003267,0.0,0.0,18,2.57,O(k),2.0255,,0.3,0.5781
V0,D6_DRL,T1_mean,0.8,1.0,0.0,0.0,0.0,7,1.0,O(k),2.0255,0.0,,
V0,D6_DRL,T2_SL,0.8,1.0,0.0,0.0,0.0,20,2.86,O(k),2.0255,0.0,,
V0,D6_DRL,T3_Beta,0.8,1.0,0.0,0.0,0.0,20,2.86,O(k),2.0255,0.0,,
V0,D6_DRL,T5_TFLDT,0.8,1.0,0.0,0.0,0.0,20,2.86,O(k + deg),2.0255,0.0,,
V0,D6_DRL,T_max,0.8,1.0,0.0,0.0,0.0,6,0.86,O(k),2.0255,0.0,,
V0,D6_DRL,T_median,0.8,1.0,0.0,0.0,0.0,16,2.29,O(k log k),2.0255,0.0,,
V0,D6_DRL,T4_EigenTrust,0.8,0.598333,0.062482,0.0,0.0,11400,1628.57,O(iters * E),2.0255,0.0,,
V0,D6_DRL,T_meanvar_z,0.8,1.0,0.0,0.0,0.0,18,2.57,O(k),2.0255,0.0,,
V0T,D6_DRL,T1_mean,0.8,1.0,0.0,0.0,0.0,7,1.0,O(k),2.0255,0.0,,
V0T,D6_DRL,T2_SL,0.8,1.0,0.0,0.0,0.0,20,2.86,O(k),2.0255,0.0,,
V0T,D6_DRL,T3_Beta,0.8,1.0,0.0,0.0,0.0,20,2.86,O(k),2.0255,0.0,,
V0T,D6_DRL,T5_TFLDT,0.8,1.0,0.0,0.0,0.0,20,2.86,O(k + deg),2.0255,0.0,,
V0T,D6_DRL,T_max,0.8,1.0,0.0,0.0,0.0,6,0.86,O(k),2.0255,0.0,,
V0T,D6_DRL,T_median,0.8,1.0,0.0,0.0,0.0,16,2.29,O(k log k),2.0255,0.0,,
V0T,D6_DRL,T4_EigenTrust,0.8,0.598333,0.062482,0.0,0.0,11400,1628.57,O(iters * E),2.0255,0.0,,
V0T,D6_DRL,T_meanvar_z,0.8,1.0,0.0,0.0,0.0,18,2.57,O(k),2.0255,0.0,,
V1,D6_DRL,T1_mean,0.8,0.996667,0.004596,0.0,0.0,7,1.0,O(k),2.0255,,0.161,0.0
V1,D6_DRL,T2_SL,0.8,0.996667,0.004596,0.0,0.0,20,2.86,O(k),2.0255,,0.161,0.0
V1,D6_DRL,T3_Beta,0.8,0.996667,0.004596,0.0,0.0,20,2.86,O(k),2.0255,,0.161,0.0
V1,D6_DRL,T5_TFLDT,0.8,0.985,0.01048,0.0,0.0,20,2.86,O(k + deg),2.0255,,0.161,0.0
V1,D6_DRL,T_max,0.8,0.996667,0.004596,0.0,0.0,6,0.86,O(k),2.0255,,0.161,0.0
V1,D6_DRL,T_median,0.8,0.966667,0.017373,0.0,0.0,16,2.29,O(k log k),2.0255,,0.161,0.0
V1,D6_DRL,T4_EigenTrust,0.8,0.628333,0.054712,0.0,0.0,11400,1628.57,O(iters * E),2.0255,,0.161,0.0
V1,D6_DRL,T_meanvar_z,0.8,0.996667,0.004596,0.0,0.0,18,2.57,O(k),2.0255,,0.161,0.0
V1T,D6_DRL,T1_mean,0.8,1.0,0.0,0.0,0.01,7,1.0,O(k),2.0255,,0.2,0.5248
V1T,D6_DRL,T2_SL,0.8,1.0,0.0,0.0,0.01,20,2.86,O(k),2.0255,,0.2,0.5248
V1T,D6_DRL,T3_Beta,0.8,1.0,0.0,0.0,0.01,20,2.86,O(k),2.0255,,0.2,0.5248
V1T,D6_DRL,T5_TFLDT,0.8,1.0,0.0,0.0,0.01,20,2.86,O(k + deg),2.0255,,0.2,0.5248
V1T,D6_DRL,T_max,0.8,0.998333,0.003267,0.0,0.01,6,0.86,O(k),2.0255,,0.2,0.5248
V1T,D6_DRL,T_median,0.8,1.0,0.0,0.0,0.01,16,2.29,O(k log k),2.0255,,0.2,0.5248
V1T,D6_DRL,T4_EigenTrust,0.8,0.73,0.054103,0.0,0.01,11400,1628.57,O(iters * E),2.0255,,0.2,0.5248
V1T,D6_DRL,T_meanvar_z,0.8,0.998333,0.003267,0.0,0.01,18,2.57,O(k),2.0255,,0.2,0.5248
V0,D6_DRL,T1_mean,0.9,1.0,0.0,0.0,0.0,7,1.0,O(k),2.0255,0.0,,
V0,D6_DRL,T2_SL,0.9,1.0,0.0,0.0,0.0,20,2.86,O(k),2.0255,0.0,,
V0,D6_DRL,T3_Beta,0.9,1.0,0.0,0.0,0.0,20,2.86,O(k),2.0255,0.0,,
V0,D6_DRL,T5_TFLDT,0.9,1.0,0.0,0.0,0.0,20,2.86,O(k + deg),2.0255,0.0,,
V0,D6_DRL,T_max,0.9,1.0,0.0,0.0,0.0,6,0.86,O(k),2.0255,0.0,,
V0,D6_DRL,T_median,0.9,1.0,0.0,0.0,0.0,16,2.29,O(k log k),2.0255,0.0,,
V0,D6_DRL,T4_EigenTrust,0.9,0.685,0.056082,0.0,0.0,11400,1628.57,O(iters * E),2.0255,0.0,,
V0,D6_DRL,T_meanvar_z,0.9,1.0,0.0,0.0,0.0,18,2.57,O(k),2.0255,0.0,,
V0T,D6_DRL,T1_mean,0.9,1.0,0.0,0.0,0.0,7,1.0,O(k),2.0255,0.0,,
V0T,D6_DRL,T2_SL,0.9,1.0,0.0,0.0,0.0,20,2.86,O(k),2.0255,0.0,,
V0T,D6_DRL,T3_Beta,0.9,1.0,0.0,0.0,0.0,20,2.86,O(k),2.0255,0.0,,
V0T,D6_DRL,T5_TFLDT,0.9,1.0,0.0,0.0,0.0,20,2.86,O(k + deg),2.0255,0.0,,
V0T,D6_DRL,T_max,0.9,1.0,0.0,0.0,0.0,6,0.86,O(k),2.0255,0.0,,
V0T,D6_DRL,T_median,0.9,1.0,0.0,0.0,0.0,16,2.29,O(k log k),2.0255,0.0,,
V0T,D6_DRL,T4_EigenTrust,0.9,0.685,0.056082,0.0,0.0,11400,1628.57,O(iters * E),2.0255,0.0,,
V0T,D6_DRL,T_meanvar_z,0.9,1.0,0.0,0.0,0.0,18,2.57,O(k),2.0255,0.0,,
V1,D6_DRL,T1_mean,0.9,1.0,0.0,0.0,0.0,7,1.0,O(k),2.0255,,0.0805,0.0
V1,D6_DRL,T2_SL,0.9,1.0,0.0,0.0,0.0,20,2.86,O(k),2.0255,,0.0805,0.0
V1,D6_DRL,T3_Beta,0.9,1.0,0.0,0.0,0.0,20,2.86,O(k),2.0255,,0.0805,0.0
V1,D6_DRL,T5_TFLDT,0.9,1.0,0.0,0.0,0.0,20,2.86,O(k + deg),2.0255,,0.0805,0.0
V1,D6_DRL,T_max,0.9,1.0,0.0,0.0,0.0,6,0.86,O(k),2.0255,,0.0805,0.0
V1,D6_DRL,T_median,0.9,0.993333,0.006434,0.0,0.0,16,2.29,O(k log k),2.0255,,0.0805,0.0
V1,D6_DRL,T4_EigenTrust,0.9,0.731667,0.048673,0.0,0.0,11400,1628.57,O(iters * E),2.0255,,0.0805,0.0
V1,D6_DRL,T_meanvar_z,0.9,1.0,0.0,0.0,0.0,18,2.57,O(k),2.0255,,0.0805,0.0
V1T,D6_DRL,T1_mean,0.9,1.0,0.0,0.0,0.0,7,1.0,O(k),2.0255,,0.1,0.3851
V1T,D6_DRL,T2_SL,0.9,1.0,0.0,0.0,0.0,20,2.86,O(k),2.0255,,0.1,0.3851
V1T,D6_DRL,T3_Beta,0.9,1.0,0.0,0.0,0.0,20,2.86,O(k),2.0255,,0.1,0.3851
V1T,D6_DRL,T5_TFLDT,0.9,1.0,0.0,0.0,0.0,20,2.86,O(k + deg),2.0255,,0.1,0.3851
V1T,D6_DRL,T_max,0.9,1.0,0.0,0.0,0.0,6,0.86,O(k),2.0255,,0.1,0.3851
V1T,D6_DRL,T_median,0.9,1.0,0.0,0.0,0.0,16,2.29,O(k log k),2.0255,,0.1,0.3851
V1T,D6_DRL,T4_EigenTrust,0.9,0.77,0.047527,0.0,0.0,11400,1628.57,O(iters * E),2.0255,,0.1,0.3851
V1T,D6_DRL,T_meanvar_z,0.9,1.0,0.0,0.0,0.0,18,2.57,O(k),2.0255,,0.1,0.3851
V0,D6_DRL,T1_mean,1.0,1.0,0.0,0.0,0.0,7,1.0,O(k),2.0255,0.0,,
V0,D6_DRL,T2_SL,1.0,1.0,0.0,0.0,0.0,20,2.86,O(k),2.0255,0.0,,
V0,D6_DRL,T3_Beta,1.0,1.0,0.0,0.0,0.0,20,2.86,O(k),2.0255,0.0,,
V0,D6_DRL,T5_TFLDT,1.0,1.0,0.0,0.0,0.0,20,2.86,O(k + deg),2.0255,0.0,,
V0,D6_DRL,T_max,1.0,1.0,0.0,0.0,0.0,6,0.86,O(k),2.0255,0.0,,
V0,D6_DRL,T_median,1.0,1.0,0.0,0.0,0.0,16,2.29,O(k log k),2.0255,0.0,,
V0,D6_DRL,T4_EigenTrust,1.0,0.838333,0.0456,0.0,0.0,11400,1628.57,O(iters * E),2.0255,0.0,,
V0,D6_DRL,T_meanvar_z,1.0,1.0,0.0,0.0,0.0,18,2.57,O(k),2.0255,0.0,,
V0T,D6_DRL,T1_mean,1.0,1.0,0.0,0.0,0.0,7,1.0,O(k),2.0255,0.0,,
V0T,D6_DRL,T2_SL,1.0,1.0,0.0,0.0,0.0,20,2.86,O(k),2.0255,0.0,,
V0T,D6_DRL,T3_Beta,1.0,1.0,0.0,0.0,0.0,20,2.86,O(k),2.0255,0.0,,
V0T,D6_DRL,T5_TFLDT,1.0,1.0,0.0,0.0,0.0,20,2.86,O(k + deg),2.0255,0.0,,
V0T,D6_DRL,T_max,1.0,1.0,0.0,0.0,0.0,6,0.86,O(k),2.0255,0.0,,
V0T,D6_DRL,T_median,1.0,1.0,0.0,0.0,0.0,16,2.29,O(k log k),2.0255,0.0,,
V0T,D6_DRL,T4_EigenTrust,1.0,0.838333,0.0456,0.0,0.0,11400,1628.57,O(iters * E),2.0255,0.0,,
V0T,D6_DRL,T_meanvar_z,1.0,1.0,0.0,0.0,0.0,18,2.57,O(k),2.0255,0.0,,
V1,D6_DRL,T1_mean,1.0,1.0,0.0,0.0,0.01,7,1.0,O(k),2.0255,,0.0,0.2698
V1,D6_DRL,T2_SL,1.0,1.0,0.0,0.0,0.01,20,2.86,O(k),2.0255,,0.0,0.2698
V1,D6_DRL,T3_Beta,1.0,1.0,0.0,0.0,0.01,20,2.86,O(k),2.0255,,0.0,0.2698
V1,D6_DRL,T5_TFLDT,1.0,1.0,0.0,0.0,0.01,20,2.86,O(k + deg),2.0255,,0.0,0.2698
V1,D6_DRL,T_max,1.0,1.0,0.0,0.0,0.01,6,0.86,O(k),2.0255,,0.0,0.2698
V1,D6_DRL,T_median,1.0,1.0,0.0,0.0,0.01,16,2.29,O(k log k),2.0255,,0.0,0.2698
V1,D6_DRL,T4_EigenTrust,1.0,0.843333,0.04545,0.0,0.01,11400,1628.57,O(iters * E),2.0255,,0.0,0.2698
V1,D6_DRL,T_meanvar_z,1.0,1.0,0.0,0.0,0.01,18,2.57,O(k),2.0255,,0.0,0.2698
V1T,D6_DRL,T1_mean,1.0,1.0,0.0,0.0,0.01,7,1.0,O(k),2.0255,,0.0,0.2698
V1T,D6_DRL,T2_SL,1.0,1.0,0.0,0.0,0.01,20,2.86,O(k),2.0255,,0.0,0.2698
V1T,D6_DRL,T3_Beta,1.0,1.0,0.0,0.0,0.01,20,2.86,O(k),2.0255,,0.0,0.2698
V1T,D6_DRL,T5_TFLDT,1.0,1.0,0.0,0.0,0.01,20,2.86,O(k + deg),2.0255,,0.0,0.2698
V1T,D6_DRL,T_max,1.0,1.0,0.0,0.0,0.01,6,0.86,O(k),2.0255,,0.0,0.2698
V1T,D6_DRL,T_median,1.0,1.0,0.0,0.0,0.01,16,2.29,O(k log k),2.0255,,0.0,0.2698
V1T,D6_DRL,T4_EigenTrust,1.0,0.843333,0.04545,0.0,0.01,11400,1628.57,O(iters * E),2.0255,,0.0,0.2698
V1T,D6_DRL,T_meanvar_z,1.0,1.0,0.0,0.0,0.01,18,2.57,O(k),2.0255,,0.0,0.2698
